﻿BountyTemplateId,BountyTemplateName,BountyTemplateSummary,Amount,Labels,Name (from Labels),Created,Creator,Available,MemberHandle (from Creator),BountyTemplateType,BountyTemplateRecordId
1,"Make the Handbook ""Stand for Council"" Tutorial","Create the [Tutorial: Stand for Council](https://joystream.gitbook.io/testnet-workspace/system/council/tutorial-stand-for-council).

As this will likely be difficult using the ""actual testnet"", use the Staging Network, where the lengths of each election stage is shorter:
- Announcing: 14400 (1 day) / 200 (2h)
- Voting: 14400 (1 day) / 100 (1h)
- Revealing: 14400 (1 day) / 50 (1/2h)

The deliverable should be a PR to the [handbook-repo](https://github.com/Joystream/handbook), written in the same style and formatting of other pages in the handbook. Full score also requires:
- Images depicting the flow
- A section about stake recovery, that outlines how and when you can recover your stake, based on whether you won or not
- A section about how the winner is determined",40000,5,Documentation,2022-04-03 07:20,967,checked,bwhm0,One-Off,recFTeAC5OJ8zOMK0
2,"Make the Handbook ""Vote for a Council Candidate"" Tutorial","Create the [Tutorial: Vote for Council Candidate](https://joystream.gitbook.io/testnet-workspace/system/council/tutorial-vote-for-council-candidate).

As this will likely be difficult using the ""actual testnet"", use the Staging Network, where the lengths of each election stage is shorter:
- Announcing: 14400 (1 day) / 200 (2h)
- Voting: 14400 (1 day) / 100 (1h)
- Revealing: 14400 (1 day) / 50 (1/2h)

The deliverable should be a PR to the [handbook-repo](https://github.com/Joystream/handbook), written in the same style and formatting of other pages in the handbook. Full score also requires:
- Images depicting the flow
- A section about stake recovery, that outlines how and when you can recover your stake, based on whether your candidate won or not
- A section about how the winner is determined",27000,5,Documentation,2022-04-11 22:40,967,checked,bwhm0,One-Off,recHi2nlJZ1ueJi6m
3,"Make a Video Tutorial ""Stand for Council""","Create a video to accompany the [Tutorial: Stand for Council](https://joystream.gitbook.io/testnet-workspace/system/council/tutorial-stand-for-council).

As this will likely be difficult using the ""actual testnet"", use the Staging Network, where the lengths of each election stage is shorter:
- Announcing: 14400 (1 day) / 200 (2h)
- Voting: 14400 (1 day) / 100 (1h)
- Revealing: 14400 (1 day) / 50 (1/2h)

The deliverable should be a PR:
- The video, in [English|Russian|Spanish|other], uploaded to play.joystream.org
  - with a link to the handbook page in the description
- Create a PR to the [handbook-repo](https://github.com/Joystream/handbook), with a link to the video, and a short text",50000,3,Video Production,2022-04-11 22:42,967,checked,bwhm0,One-Off,recTUXD9rzyONMDf6
4,"Make a Video Tutorial ""Vote for a Council Candidate"" Tutorial","Create a video to accompany the [Tutorial: Vote for Council Candidate](https://joystream.gitbook.io/testnet-workspace/system/council/tutorial-vote-for-council-candidate).

As this will likely be difficult using the ""actual testnet"", use the Staging Network, where the lengths of each election stage is shorter:
- Announcing: 14400 (1 day) / 200 (2h)
- Voting: 14400 (1 day) / 100 (1h)
- Revealing: 14400 (1 day) / 50 (1/2h)

The deliverable should be a PR:
- The video, in [English|Russian|Spanish|other], uploaded to play.joystream.org
  - with a link to the handbook page in the description
- Create a PR to the [handbook-repo](https://github.com/Joystream/handbook), with a link to the video, and a short text",39500,3,Video Production,2022-04-11 22:42,967,checked,bwhm0,One-Off,recc1L6fuMydYg7W8
5,Suggest Handbook improvements,"Go through the [Joystream Handbook](https://joystream.gitbook.io/testnet-workspace/). Focus on 1-2 sections (assigned by HR lead, can be suggested by participant) and list out 2-3 areas you think could be improved with either a better explanation or some form of visual. Try to explain what parts you find difficult to understand.
",20000,5,Documentation,2022-04-11 22:42,2,checked,tomato,Recurring,reck8gCGy0svIp5fm
6,Suggest Simple Bounties,"Suggest 1 or more simple bounties (these shouldn't take a huge amount of time to complete, should be easy to grade and should be appropriate to newcomers). Needs to include a title, description, estimate of hours required to complete and platform roles it applies to.",10000,5,Documentation,2022-04-11 22:42,2,checked,tomato,Recurring,recIPWNGJ4aGLzu2p
7,Do something creative with the Joystream logo (or branding),"The Joystream Design Files can be found [here](https://github.com/Joystream/design). Do something creative (image, video, Discord sticker)!",50000,2,Creative,2022-04-11 22:42,2,checked,tomato,Recurring,recRvJprOiivIClpR
8,Find any interesting crypto news story and create a forum thread,"Find any interesting crypto news story, that isn't spammy or focused on trading, but focused on a new project or development and create a forum thread for it. Make sure to link to the news story as well as post a short summary and some of your thoughts on it.",8000,7,Social,2022-04-11 22:42,2,checked,tomato,Recurring,recKw8XVXlqOTOSFG
9,Curator Query Node Training,"The Query Node (QN) stores lots of Joystream's block information, including membership and video data. The HR WG or Oracle will assign you one or a few custom queries that they want retrieved from the QN. Documentation is available from the handbook and leads, but you will be required to understand how to use it. No software installation is necessary.
Deliverable: The Query Node output results as well as the input query
Oracle: Specialist (either Builders or Curator WG)",75000,6,Role Training,2022-04-11 22:42,2,checked,tomato,Recurring,recgVx8CwJGZUbMIX
10,Storage Role Training,"You will require a server for this role. Follow the Storage Node documentation and install the software and run on the staging network. If you have suggestions on improving the documentation, make sure to share them!
Oracle: Specialist (Storage WG)",75000,6,Role Training,2022-04-11 22:42,2,checked,tomato,Recurring,rec3uVSkMEYOZhWTT
11,Distributor Role Training,"You will require a server for this role. Follow the Distributor Node documentation and install the software and run on the staging network. If you have suggestions on improving the documentation, make sure to share them!
Oracle: Specialist (Distributor WG)",75000,6,Role Training,2022-04-11 22:42,2,checked,tomato,Recurring,rec1DaHcPfTKfr0xE
12,,,,,,,,,,,recyIG8cHSdVGW8Hx