﻿IntegratorInteractionId,IntergratorId,PersonId,PersonIdNumber,InteractionDate,Note,Status,LatestForPerson,IntegratorPersonId,IntegratorPersonIdNumber,Person
26,3,971,971,2022-04-24 08:28,He failed to create a membership and disappeared.,LostInterest,checked,142,142,
27,3,973,973,2022-03-24 11:59,Validator. He has an interest in helping the community,GetBackToMe,checked,142,142,
28,3,974,974,2022-03-24 16:52,Validator. Was interested in distributor node,GetBackToMe,checked,142,142,
29,3,975,975,2022-03-25 11:25,jen4 helped with membership creation,GetBackToMe,checked,142,142,
30,3,986,986,2022-03-26 10:06,Test tokens have been sent. The user sometimes appears in Chinese chat,GetBackToMe,checked,142,142,
31,3,988,988,2022-03-26 09:07,The user was interested in the bounty,LostInterest,checked,142,142,
32,3,989,989,2022-03-26 12:21,I helped with the platform,GetBackToMe,checked,142,142,
33,3,992,992,2022-03-28 13:18,tomato asked a leading question. The user is interested in the curation or marketing working group,GetBackToMe,checked,142,142,
34,3,992,992,2022-03-29 08:05,jen4 helped with membership creation,GetBackToMe,checked,142,142,
35,3,994,994,2022-03-29 08:05,jen4 helped with membership creation,GetBackToMe,checked,142,142,
36,3,996,996,2022-03-29 20:36,jen4 helped with membership creation,GetBackToMe,checked,142,142,
37,3,997,997,2022-03-29 20:47,Everyone helped figure out the platform together :),GetBackToMe,checked,142,142,
38,3,1001,1001,2022-03-30 16:56,jen4 helped to understand the platform,GetBackToMe,checked,142,142,
39,3,958,958,2022-03-30 21:33,jen4 helped to understand the platform,GetBackToMe,checked,142,142,