﻿IntegratorId,PersonId,IsOnline,SupportedLanguageCodes,RecordId,RetoolId,DiscordHandle (from PersonId),MemberHandle (from PersonId),discordhandlestring,memberhandlestring
1,955,,"EN,ES",recgpK7ODW1xxRl9L,234758,blrhc#0162,benholdencrowther,blrhc#0162,benholdencrowther
2,273,,,recquhfZ7YOcC20HD,285042,jen4#8632,jen4ph,jen4#8632,jen4ph
3,142,checked,,recEAeFKmWWWO8PR2,285910,adovrn#1094,adovrn,adovrn#1094,adovrn
4,262,,,recIzg8pHm21TcVJO,285955,NP900#1047,np900,NP900#1047,np900
5,2,,,rec9Qaw6WdTkfdS3m,,tomato#9464,tomato,tomato#9464,tomato
6,7,,,rec0Z5YtZcIoZIXFy,285911,kate_fm#0169,kate_fm,kate_fm#0169,kate_fm
7,29,,,rec4xRnh3RINwGUUz,,ZAZIK#5400,zazik,ZAZIK#5400,zazik
8,966,checked,,rec7LkuS2rdb15R46,292466,Eclipsingbinary#7338,eclipsingbinary,Eclipsingbinary#7338,eclipsingbinary