﻿PersonId,MemberId,AvatarID,PreferredLanguageCode,DiscoveredJoystreamVia,AddedInIntegratorInteraction,DiscoveredJoystreamViaPayload,DiscoveredJoystreamAt,ReferredByPerson,MemberIdReferrer,VerificationDate,VerifiedBy,FMInductionDate,FMInductionRationale,MemberHandle,FMStatus,DiscordHandle,RecordId,ReferralJOYBonusOnJoining,VerificationStatus,GithubHandle,TelegramHandle,KeybaseHandle,DateAddedToCRM,AddedByIntegrator,UpdatedByIntegrator,JOYAllocationUponInduction,SudoAmountPercentage,SudoAmountFormula
1,515,8,EN,,,,,,,,,,,l1dev,checked,l1dev#4675,rec6EfodbtBPyvsll,,checked,traumschule,,,31/3/2022 08:48,,,,0.86290987,0.86290987
2,2,31,EN,,,,,,,,,,,tomato,checked,tomato#9464,recky6Fg6LyjJXZ2q,,checked,mochet,,,31/3/2022 08:48,,,,1.50507419,1.50507419
3,1316,1,EN,,,,,,,,,,,andybut,checked,,recB0nrFTRipEcxoz,,checked,,,,31/3/2022 08:48,,,,0.45503022,0.45503022
4,306,3,EN,,,,,,,,,,,freakstatic,checked,,recs3Emq6UaseeVhq,,checked,,,,31/3/2022 08:48,,,,0.54517143,0.54517143
5,2182,25,EN,,,,,,,,,,,isonar,checked,,recnyJlvkr2Pvamhi,,checked,,,,31/3/2022 08:48,,,,0.24444234,0.24444234
6,644,13,EN,,,,,,,,,,,lkskrn,checked,,recaW8CX3H7TX00sD,,checked,,,,31/3/2022 08:48,,,,0.18783194,0.18783194
7,1905,26,EN,,,,,,,,,,,kate_fm,checked,kate_fm#0169,rechJEDd7oDymqSHL,,checked,,,,31/3/2022 08:48,,,,0.17608195,0.17608195
8,1048,49,EN,,,,,,,,,,,igrex,checked,,reca9gtfHWtaz1Rzc,,checked,,,,31/3/2022 08:48,,,,0.16927047,0.16927047
9,2194,41,EN,,,,,,,,,,,ilich,checked,,recgKPN9VSJg4TXH9,,checked,,,,31/3/2022 08:48,,,,0.16503346,0.16503346
10,552,2,EN,,,,,,,,,,,cheomsk,checked,,recMPbOiENla5lueL,,checked,,,,31/3/2022 08:48,,,,0.13430811,0.13430811
11,2096,7,EN,,,,,,,,,,,svasilenko,checked,,rec71WLEf1y1lOo9B,,checked,,,,31/3/2022 08:48,,,,0.13385214,0.13385214
12,684,38,EN,,,,,,,,,,,seainvestor,checked,,recAodwroCIGpcJsA,,checked,,,,31/3/2022 08:48,,,,0.13365572,0.13365572
13,2098,28,EN,,,,,,,,,,,0x2bc,checked,,recZw2BYXWdf0JhVw,,checked,,,,31/3/2022 08:48,,,,0.13357154,0.13357154
14,1019,,EN,,,,,,,,,,,razumv,,,reciMopxFQszasntJ,,,,,,31/3/2022 08:48,,,,0.11075155,0.11075155
15,2183,44,EN,,,,,,,,,,,dapplooker,checked,,rec0Vd6M5F4sbltV1,,checked,,,,31/3/2022 08:48,,,,0.12943274,0.12943274
16,1369,39,EN,,,,,,,,,,,lopegor,checked,,recmtk0nC1tAcyggv,,checked,,,,31/3/2022 08:48,,,,0.12831035,0.12831035
17,2130,29,EN,,,,,,,,,,,maxlevush,checked,,rec3ixXZMZ2f8b4wb,,checked,,,,31/3/2022 08:48,,,,0.12504842,0.12504842
18,2154,21,EN,,,,,,,,,,,marat_mu,checked,,recBdjdKrdigGK9Cx,,checked,,,,31/3/2022 08:48,,,,0.12076932,0.12076932
19,957,,EN,,,,,,,,,,,leet_joy,,,recz1lhNMsWKcSPqW,,,,,,31/3/2022 08:48,,,,0.09531171,0.09531171
20,736,51,EN,,,,,,,,,,,mmsaww,checked,,recuTWFoe9ekvzdsp,,checked,,,,31/3/2022 08:48,,,,0.10847918,0.10847918
21,982,22,EN,,,,,,,,,,,drmarkovi,checked,,rec4DrE3Pli1cmTLz,,checked,,,,31/3/2022 08:48,,,,0.09940889,0.09940889
22,3029,35,EN,,,,,,,,,,,oxygen,checked,,recO6u2h3hqaAo8S1,,checked,,,,31/3/2022 08:48,,,,0.09723426,0.09723426
23,555,37,EN,,,,,,,,,,,joystreamenthusiast,checked,,recIDeAIPsP9cZM4l,,checked,,,,31/3/2022 08:48,,,,0.09596456,0.09596456
24,867,9,EN,,,,,,,,,,,xandrell,checked,,recy1mYFewSboqYpj,,checked,,,,31/3/2022 08:48,,,,0.09218352,0.09218352
25,2462,14,EN,,,,,,,,,,,chiffah,checked,,recMhRHfnLebuT9Ma,,checked,,,,31/3/2022 08:48,,,,0.08699248,0.08699248
26,605,17,EN,,,,,,,,,,,okayko,checked,,recCI1wJLad8KeTJz,,checked,,,,31/3/2022 08:48,,,,0.08671188,0.08671188
27,790,43,EN,,,,,,,,,,,ururu,checked,,recp3NokGQK3LnkO7,,checked,,,,31/3/2022 08:48,,,,0.08558950,0.08558950
28,604,,EN,,,,,,,,,,,botzmann,,,recyflRAEcOhm2Wnr,,,,,,31/3/2022 08:48,,,,0.05604920,0.05604920
29,2435,,EN,,,,,,,,,,,zazik,,ZAZIK#5400,recL9Jj4iZZbNfnjc,,,,,,31/3/2022 08:48,,,,0.05376936,0.05376936
30,1173,40,EN,,,,,,,,,,,gryhail,checked,,recghU0Idt0K5fOUF,,checked,,,,31/3/2022 08:48,,,,0.06991115,0.06991115
31,585,,EN,,,,,,,,,,,narniec,,,recHpUQty4UGOyRDK,,,,,,31/3/2022 08:48,,,,0.04976384,0.04976384
32,2329,16,EN,,,,,,,,,,,laura,checked,,rec6pdWMxC1td0d9E,,checked,,,,31/3/2022 08:48,,,,0.06479026,0.06479026
33,1521,,EN,,,,,,,,,,,arseniy2706,,,recKVPfsJWNOVpait,,,,,,31/3/2022 08:48,,,,0.03926250,0.03926250
34,635,,EN,,,,,,,,,,,xfactorus,,,recUe0jJKYQwBugzA,,,,,,31/3/2022 08:48,,,,0.03665295,0.03665295
35,798,15,EN,,,,,,,,,,,shtihmas,checked,,recyN6hGnA2dl0ZFZ,,checked,,,,31/3/2022 08:48,,,,0.05282982,0.05282982
36,2137,,EN,,,,,,,,,,,kalpakci,,,recBLTzgysFfXS2qI,,,,,,31/3/2022 08:48,,,,0.03226863,0.03226863
37,582,,EN,,,,,,,,,,,hayabusa,,,reckI7H6hyWLyuNdU,,,,,,31/3/2022 08:48,,,,0.03153206,0.03153206
38,2141,,EN,,,,,,,,,,,plycho,,,recfMksrmu5qLRvsF,,,,,,31/3/2022 08:48,,,,0.03090072,0.03090072
39,1541,,EN,,,,,,,,,,,godshunter,,,recVXvf9zm2Vl3aDt,,,,,,31/3/2022 08:48,,,,0.03047982,0.03047982
40,1986,,EN,,,,,,,,,,,goldmember,,,recdQoRVbIJWEHctY,,,,,,31/3/2022 08:48,,,,0.02974326,0.02974326
41,1843,,EN,,,,,,,,,,,spat_sochi,,,recxNjrX8mb3jDgA2,,,,,,31/3/2022 08:48,,,,0.02812983,0.02812983
42,2174,,EN,,,,,,,,,,,alekjoy,,,recGB3hRsn0QbtKkE,,,,,,31/3/2022 08:48,,,,0.02595520,0.02595520
43,2531,11,EN,,,,,,,,,,,nanapa6otaet,checked,,recbkjZ4cyqCVPHYS,,checked,,,,31/3/2022 08:48,,,,0.04497311,0.04497311
44,2316,,EN,,,,,,,,,,,rustamone,,,rec6LVQGBTllZpErx,,,,,,31/3/2022 08:48,,,,0.02455222,0.02455222
45,786,,EN,,,,,,,,,,,1337member,,,recjnPs2SbUZ9MNVm,,,,,,31/3/2022 08:48,,,,0.02330356,0.02330356
46,1015,,EN,,,,,,,,,,,sasha,,,recFuFEOO8udJo1Hl,,,,,,31/3/2022 08:48,,,,0.02314923,0.02314923
47,670,,EN,,,,,,,,,,,mats4,,,recQcUjfWk3nJp1D2,,,,,,31/3/2022 08:48,,,,0.02238461,0.02238461
48,1762,,EN,,,,,,,,,,,gorenie,,,recA9dPQH52HGl76w,,,,,,31/3/2022 08:48,,,,0.02223729,0.02223729
49,1747,,EN,,,,,,,,,,,vagif,,,recbWavaErrPbRpou,,,,,,31/3/2022 08:48,,,,0.02200580,0.02200580
50,1497,,EN,,,,,,,,,,,wasabi,,,recziDohUyOqigxSc,,,,,,31/3/2022 08:48,,,,0.02192162,0.02192162
51,1027,,EN,,,,,,,,,,,stavr,,,rec2DMC7hDYVMfIcI,,,,,,31/3/2022 08:48,,,,0.02090446,0.02090446
52,597,,EN,,,,,,,,,,,lesnik_utsa,,,rechoE2NTTebcNK5P,,,,,,31/3/2022 08:48,,,,0.02062386,0.02062386
53,1345,,EN,,,,,,,,,,,kadyrovs,,,recKkhK0eov8myowF,,,,,,31/3/2022 08:48,,,,0.02048356,0.02048356
54,1999,,EN,,,,,,,,,,,surpaul,,,recnmWrwYiud0h9S5,,,,,,31/3/2022 08:48,,,,0.01816864,0.01816864
55,1219,,EN,,,,,,,,,,,dd659,,,rec25VVkTWj9dqIER,,,,,,31/3/2022 08:48,,,,0.01810551,0.01810551
56,2148,,EN,,,,,,,,,,,controlla,,,recdXinaXvARpkUoe,,,,,,31/3/2022 08:48,,,,0.01788804,0.01788804
57,2574,,EN,,,,,,,,,,,alexznet,,,recJpgH7HhXevbLA9,,,,,,31/3/2022 08:48,,,,0.01771267,0.01771267
58,705,,EN,,,,,,,,,,,flakes9776,,,recRhZd1CzgzqgSVR,,,,,,31/3/2022 08:48,,,,0.01757237,0.01757237
59,590,,EN,,,,,,,,,,,svdeshka,,,recbK1of6b4IGFC0z,,,,,,31/3/2022 08:48,,,,0.01715849,0.01715849
60,782,,EN,,,,,,,,,,,blxpro,,,rec9S22j9K9OIRZ8z,,,,,,31/3/2022 08:48,,,,0.01683581,0.01683581
61,1676,,EN,,,,,,,,,,,fiery,,,recBytcJQePGuBlXu,,,,,,31/3/2022 08:48,,,,0.01613431,0.01613431
62,3102,,EN,,,,,,,,,,,noface,,,recefi4REors6QroZ,,,,,,31/3/2022 08:48,,,,0.01578357,0.01578357
63,909,,EN,,,,,,,,,,,moodman,,,recj1XO8Uvxj9T9vc,,,,,,31/3/2022 08:48,,,,0.01571342,0.01571342
64,770,,EN,,,,,,,,,,,andicapitan,,,recNeEhMwQtIWugUh,,,,,,31/3/2022 08:48,,,,0.01567834,0.01567834
65,1131,,EN,,,,,,,,,,,gameover,,,reciZehRtDDK2VDpr,,,,,,31/3/2022 08:48,,,,0.01431044,0.01431044
66,550,,EN,,,,,,,,,,,optimusalgo91,,,recVpwoMwg1gX40jM,,,,,,31/3/2022 08:48,,,,0.01419820,0.01419820
67,513,,EN,,,,,,,,,,,kriptos,,,receub7wh7DfU8WbF,,,,,,31/3/2022 08:48,,,,0.01409999,0.01409999
68,525,5,EN,,,,,,,,,,,oiclid,checked,,rec3s5IEnioewP853,,checked,,,,31/3/2022 08:48,,,,0.03402984,0.03402984
69,777,,EN,,,,,,,,,,,zellion123,,,recfGc7o742FUS89X,,,,,,31/3/2022 08:48,,,,0.01392461,0.01392461
70,772,,EN,,,,,,,,,,,kudo94,,,recMpfd5TTDUwypiA,,,,,,31/3/2022 08:48,,,,0.01388954,0.01388954
71,1255,,EN,,,,,,,,,,,harrynads,,,reczlSVa8ukEBBSQq,,,,,,31/3/2022 08:48,,,,0.01384044,0.01384044
72,1434,,EN,,,,,,,,,,,nataliia,,,recUVtcO6RhYsu5T1,,,,,,31/3/2022 08:48,,,,0.01379835,0.01379835
73,1777,,EN,,,,,,,,,,,murzik,,,recnl5H95dqt9wruf,,,,,,31/3/2022 08:48,,,,0.01343357,0.01343357
74,1158,,EN,,,,,,,,,,,arsonque,,,reckrdhNw75IdC9l3,,,,,,31/3/2022 08:48,,,,0.01332835,0.01332835
75,1997,50,EN,,,,,,,,,,,marinag_mary,checked,,recmno5VmOjiOpGOX,,checked,,,,31/3/2022 08:48,,,,0.03290745,0.03290745
76,631,,EN,,,,,,,,,,,xantis,,,recs46QilrcrCsnoo,,,,,,31/3/2022 08:48,,,,0.01262685,0.01262685
77,959,,EN,,,,,,,,,,,crypted,,,recZsY0p1suj1zmSB,,,,,,31/3/2022 08:48,,,,0.01259178,0.01259178
78,1746,,EN,,,,,,,,,,,ogpetya,,,recwCQNh06nAWJ4rR,,,,,,31/3/2022 08:48,,,,0.01245148,0.01245148
79,1109,,EN,,,,,,,,,,,gibson,,,recj1Ozwenwh3ETXo,,,,,,31/3/2022 08:48,,,,0.01238133,0.01238133
80,1617,,EN,,,,,,,,,,,raketa,,,recFGHAz0bSMVvEOG,,,,,,31/3/2022 08:48,,,,0.01238133,0.01238133
81,665,,EN,,,,,,,,,,,oskarte,,,recQ3DBbiQaaLF58Z,,,,,,31/3/2022 08:48,,,,0.01236029,0.01236029
82,1918,,EN,,,,,,,,,,,vashik,,,recC4WiSAhEPyZWmK,,,,,,31/3/2022 08:48,,,,0.01220596,0.01220596
83,1448,,EN,,,,,,,,,,,metralunab,,,rec65hmKNxwL8DZ9H,,,,,,31/3/2022 08:48,,,,0.01217088,0.01217088
84,574,,EN,,,,,,,,,,,landeros,,,recYmodcN9dIHsYnq,,,,,,31/3/2022 08:48,,,,0.01210074,0.01210074
85,738,,EN,,,,,,,,,,,ksstrokov,,,recbVZ80D5aVXnp03,,,,,,31/3/2022 08:48,,,,0.01206566,0.01206566
86,1780,,EN,,,,,,,,,,,crypto_lord,,,recPvFQroP5UYb0B7,,,,,,31/3/2022 08:48,,,,0.01206566,0.01206566
87,2697,,EN,,,,,,,,,,,ardashoff,,,recQgVxdlQmnBjqsq,,,,,,31/3/2022 08:48,,,,0.01203059,0.01203059
88,1123,,EN,,,,,,,,,,,elcapitano,,,recsOKfg2Da4mj7vI,,,,,,31/3/2022 08:48,,,,0.01192536,0.01192536
89,2682,,EN,,,,,,,,,,,alenleps,,,recVox2RFD2VUiH65,,,,,,31/3/2022 08:48,,,,0.01192536,0.01192536
90,559,,EN,,,,,,,,,,,baikal,,,rechx0LWYNzMX3Ai1,,,,,,31/3/2022 08:48,,,,0.01182014,0.01182014
91,1661,,EN,,,,,,,,,,,vlodkowjs,,,recCDjf4kK7okjMZD,,,,,,31/3/2022 08:48,,,,0.01178506,0.01178506
92,1082,,EN,,,,,,,,,,,alexmanilove,,,recVcpq8MRmEy2ViW,,,,,,31/3/2022 08:48,,,,0.01164477,0.01164477
93,2156,,EN,,,,,,,,,,,kirillmagicpie,,,recOHePxWLWNVQxAy,,,,,,31/3/2022 08:48,,,,0.01164477,0.01164477
94,653,,EN,,,,,,,,,,,black_cat,,,rec4zf9XlkglmuwPv,,,,,,31/3/2022 08:48,,,,0.01157462,0.01157462
95,1016,,EN,,,,,,,,,,,reureu,,,recRCABesbSfK9qs2,,,,,,31/3/2022 08:48,,,,0.01157462,0.01157462
96,1894,,EN,,,,,,,,,,,joyanna,,,recoDoEHx7lhhDgma,,,,,,31/3/2022 08:48,,,,0.01150447,0.01150447
97,1441,,EN,,,,,,,,,,,ivanov,,,recGTypkwLlH38jhr,,,,,,31/3/2022 08:48,,,,0.01146939,0.01146939
98,1706,,EN,,,,,,,,,,,donavan,,,recyOh5IftfPKpSsh,,,,,,31/3/2022 08:48,,,,0.01111865,0.01111865
99,1021,,EN,,,,,,,,,,,gulzsp,,,recjYrFwp4LkHpr2y,,,,,,31/3/2022 08:48,,,,0.01104850,0.01104850
100,1116,,EN,,,,,,,,,,,joychain,,,rec7a8TBTGP3gwkLe,,,,,,31/3/2022 08:48,,,,0.01104850,0.01104850
101,1806,,EN,,,,,,,,,,,estet_joystream,,,rechuDRynpC9I8e4I,,,,,,31/3/2022 08:48,,,,0.01104850,0.01104850
102,685,,EN,,,,,,,,,,,antonmashnin,,,receb7HV8tPWcOx2w,,,,,,31/3/2022 08:48,,,,0.01087312,0.01087312
103,1737,,EN,,,,,,,,,,,prontera,,,recL6OF05N7XYufXv,,,,,,31/3/2022 08:48,,,,0.01083805,0.01083805
104,1821,,EN,,,,,,,,,,,goofy,,,recsP5NvLJA1rGENM,,,,,,31/3/2022 08:48,,,,0.01080298,0.01080298
105,726,,EN,,,,,,,,,,,boris143,,,recnOhcI60GVCe2aJ,,,,,,31/3/2022 08:48,,,,0.01077492,0.01077492
106,548,,EN,,,,,,,,,,,48cfu,,,reca1pQDQjof76n7l,,,,,,31/3/2022 08:48,,,,0.01067671,0.01067671
107,1108,,EN,,,,,,,,,,,1dron0,,,recfTgn79LmK7TYfm,,,,,,31/3/2022 08:48,,,,0.01062760,0.01062760
108,1839,,EN,,,,,,,,,,,minatofund,,,recgMFshNO3Y9SPtX,,,,,,31/3/2022 08:48,,,,0.01059253,0.01059253
109,1945,,EN,,,,,,,,,,,legion,,,recqhDJxkm1sgBVGF,,,,,,31/3/2022 08:48,,,,0.01059253,0.01059253
110,1989,,EN,,,,,,,,,,,2themoon,,,recnU7mELorxMtYBA,,,,,,31/3/2022 08:48,,,,0.01055745,0.01055745
111,1600,,EN,,,,,,,,,,,hunter1,,,reck48XuAkdBnMkYh,,,,,,31/3/2022 08:48,,,,0.01041716,0.01041716
112,1138,,EN,,,,,,,,,,,zazoley,,,recBAZDpmIXG3QMvo,,,,,,31/3/2022 08:48,,,,0.01034701,0.01034701
113,566,,EN,,,,,,,,,,,vulxx,,,recrrqVXLn8FsV4L1,,,,,,31/3/2022 08:48,,,,0.01034701,0.01034701
114,2346,,EN,,,,,,,,,,,anastasiiahurina,,,recWXBFcpdEkNUKdK,,,,,,31/3/2022 08:48,,,,0.01024178,0.01024178
115,633,,EN,,,,,,,,,,,bestnode,,,recfVTeQLSuMsGvOa,,,,,,31/3/2022 08:48,,,,0.01020671,0.01020671
116,1885,,EN,,,,,,,,,,,olewko,,,recNfI2A41YIWwKSD,,,,,,31/3/2022 08:48,,,,0.01017163,0.01017163
117,697,,EN,,,,,,,,,,,forh88,,,rechmnxNYukt4ypPS,,,,,,31/3/2022 08:48,,,,0.01017163,0.01017163
118,2988,,EN,,,,,,,,,,,sevenup,,,recxdREx2RWWU46lt,,,,,,31/3/2022 08:48,,,,0.01003133,0.01003133
119,1007,,EN,,,,,,,,,,,annleb,,,recxvbM0mTR3LqLUx,,,,,,31/3/2022 08:48,,,,0.00999626,0.00999626
120,1781,,EN,,,,,,,,,,,nickomenty,,,recFpwFbzzxU1cZtH,,,,,,31/3/2022 08:48,,,,0.00999626,0.00999626
121,1961,,EN,,,,,,,,,,,itsys4,,,rec8cijCtyWm49BhY,,,,,,31/3/2022 08:48,,,,0.00978581,0.00978581
122,1053,,EN,,,,,,,,,,,moroz,,,recE0g1R2RN0Zh7Gx,,,,,,31/3/2022 08:48,,,,0.00954029,0.00954029
123,1983,,EN,,,,,,,,,,,skolota,,,recJBPa03khOx0pdj,,,,,,31/3/2022 08:48,,,,0.00947014,0.00947014
124,1921,,EN,,,,,,,,,,,liskis87,,,recmacHK3Mmbk8ACC,,,,,,31/3/2022 08:48,,,,0.00947014,0.00947014
125,2129,,EN,,,,,,,,,,,palladium,,,recL2Pf0Dl0tVqFXr,,,,,,31/3/2022 08:48,,,,0.00947014,0.00947014
126,2053,,EN,,,,,,,,,,,crnepos,,,recPPzsB6ljdh0lrC,,,,,,31/3/2022 08:48,,,,0.00925969,0.00925969
127,506,,EN,,,,,,,,,,,niocris,,,recNwjr7M9C8ujLrE,,,,,,31/3/2022 08:48,,,,0.00908432,0.00908432
128,1440,,EN,,,,,,,,,,,pmensik,,,recIdMZycqEDvCfBY,,,,,,31/3/2022 08:48,,,,0.00908432,0.00908432
129,630,,EN,,,,,,,,,,,aleksandr28,,,recpAeJb2uSwnZRl6,,,,,,31/3/2022 08:48,,,,0.00904925,0.00904925
130,1101,,EN,,,,,,,,,,,darijn,,,recFsWAEGLPNQlKmn,,,,,,31/3/2022 08:48,,,,0.00904925,0.00904925
131,1552,,EN,,,,,,,,,,,cryptainvestor,,,recvVmHSf8mYWLTRP,,,,,,31/3/2022 08:48,,,,0.00894402,0.00894402
132,1972,,EN,,,,,,,,,,,duracell,,,recygPWjAcXeNDrag,,,,,,31/3/2022 08:48,,,,0.00894402,0.00894402
133,2117,,EN,,,,,,,,,,,martines,,,recxTJZyJZbBCluU2,,,,,,31/3/2022 08:48,,,,0.00894402,0.00894402
134,2103,,EN,,,,,,,,,,,martta_joystream,,,recjdHMIlgCldQw9D,,,,,,31/3/2022 08:48,,,,0.00894402,0.00894402
135,646,,EN,,,,,,,,,,,zoomersevntu,,,recuJzZogLr0meVxG,,,,,,31/3/2022 08:48,,,,0.00883880,0.00883880
136,1877,,EN,,,,,,,,,,,caspercz,,,recHByuyFshMFgFFS,,,,,,31/3/2022 08:48,,,,0.00873357,0.00873357
137,1490,,EN,,,,,,,,,,,pascual,,,receGIn1SkKoZqg7l,,,,,,31/3/2022 08:48,,,,0.00862835,0.00862835
138,710,,EN,,,,,,,,,,,oxess,,,recpTQUQpujDKBnob,,,,,,31/3/2022 08:48,,,,0.00855820,0.00855820
139,1799,,EN,,,,,,,,,,,oniks,,,recTp2eDDqd4O2mmJ,,,,,,31/3/2022 08:48,,,,0.00841790,0.00841790
140,2032,,EN,,,,,,,,,,,alex6370,,,recpQvJRQ2zRuJN3w,,,,,,31/3/2022 08:48,,,,0.00841790,0.00841790
141,1415,,EN,,,,,,,,,,,akscap,,,recE4tLHe42qhUxbr,,,,,,31/3/2022 08:48,,,,0.00838283,0.00838283
142,2502,,EN,,,,,,,,,,,adovrn,,adovrn#1094,recqj5DodTNL4qN9P,,,,,,31/3/2022 08:48,,,,0.00831268,0.00831268
143,1431,,EN,,,,,,,,,,,dmitro4,,,rec8NDQ4QjNM9MAhR,,,,,,31/3/2022 08:48,,,,0.00827760,0.00827760
144,1107,,EN,,,,,,,,,,,my1sun,,,recqxVmE3jAgHoQdZ,,,,,,31/3/2022 08:48,,,,0.00824253,0.00824253
145,751,,EN,,,,,,,,,,,bahgivenchy,,,recZMplWpIPUbOvVn,,,,,,31/3/2022 08:48,,,,0.00817238,0.00817238
146,592,,EN,,,,,,,,,,,coolex,,,rec9r8AQWaQAAMlBl,,,,,,31/3/2022 08:48,,,,0.00817238,0.00817238
147,2198,,EN,,,,,,,,,,,tunn4k,,,rectAGlRqxm4cSU3j,,,,,,31/3/2022 08:48,,,,0.00796193,0.00796193
148,1502,,EN,,,,,,,,,,,securitymj,,,rec1EfENFpe7BzLkU,,,,,,31/3/2022 08:48,,,,0.00771641,0.00771641
149,1418,,EN,,,,,,,,,,,im_polka,,,rec68ArM3bqMymzYh,,,,,,31/3/2022 08:48,,,,0.00768835,0.00768835
150,1412,,EN,,,,,,,,,,,rick4,,,recoVs7nvZvf59TVN,,,,,,31/3/2022 08:48,,,,0.00766029,0.00766029
151,1486,,EN,,,,,,,,,,,mazafaka777,,,recPRdGbxXmCvrBWG,,,,,,31/3/2022 08:48,,,,0.00743581,0.00743581
152,1308,,EN,,,,,,,,,,,dunker,,,recApQ4jIjnlpIC1d,,,,,,31/3/2022 08:48,,,,0.00736567,0.00736567
153,1814,,EN,,,,,,,,,,,jotes,,,recCymdt5gxlcDb4g,,,,,,31/3/2022 08:48,,,,0.00736567,0.00736567
154,1893,,EN,,,,,,,,,,,luca21,,,recMyk37Te0Rhyk8D,,,,,,31/3/2022 08:48,,,,0.00736567,0.00736567
155,2067,,EN,,,,,,,,,,,maxter,,,recYZMnE46VrURecO,,,,,,31/3/2022 08:48,,,,0.00736567,0.00736567
156,1978,,EN,,,,,,,,,,,fenrir,,,recOsFRHfL3NqXqVP,,,,,,31/3/2022 08:48,,,,0.00736567,0.00736567
157,2303,,EN,,,,,,,,,,,pioby,,,recSCfdSUHFLeqooW,,,,,,31/3/2022 08:48,,,,0.00736567,0.00736567
158,2143,,EN,,,,,,,,,,,sergey,,,rec1Uyb2KB8Qe8zRE,,,,,,31/3/2022 08:48,,,,0.00719029,0.00719029
159,2175,,EN,,,,,,,,,,,anti999,,,reci9vjfhLIVIhEFH,,,,,,31/3/2022 08:48,,,,0.00719029,0.00719029
160,1271,,EN,,,,,,,,,,,pinkpinkmole,,,rec38dxONl1FB5mQg,,,,,,31/3/2022 08:48,,,,0.00712014,0.00712014
161,521,,EN,,,,,,,,,,,jamesr,,,recMgjFkdNNcDsW7x,,,,,,31/3/2022 08:48,,,,0.00701492,0.00701492
162,2228,,EN,,,,,,,,,,,kira_skipper,,Skipper#0353,rec8BFMphL6PzGghL,,,,,,31/3/2022 08:48,,,,0.00701492,0.00701492
163,2345,,EN,,,,,,,,,,,olgakuzia,,,recOalrLntGXY81iu,,,,,,31/3/2022 08:48,,,,0.00701492,0.00701492
164,2882,,EN,,,,,,,,,,,krylov,,,rec1kKK3drQVE0nm8,,,,,,31/3/2022 08:48,,,,0.00701492,0.00701492
165,2532,,EN,,,,,,,,,,,swargo,,,rec6YGaq2HtoJHHVS,,,,,,31/3/2022 08:48,,,,0.00690970,0.00690970
166,793,,EN,,,,,,,,,,,prettyfreak,,,recRDit1bRGeeqIDM,,,,,,31/3/2022 08:48,,,,0.00683955,0.00683955
167,2213,,EN,,,,,,,,,,,belyi,,,recUeFCqwMphwT337,,,,,,31/3/2022 08:48,,,,0.00683955,0.00683955
168,2254,,EN,,,,,,,,,,,pavlov,,,rectpmQCjAZ8p8fbT,,,,,,31/3/2022 08:48,,,,0.00683955,0.00683955
169,2350,,EN,,,,,,,,,,,andrii,,,recaLmbV2Fd8OL8wW,,,,,,31/3/2022 08:48,,,,0.00683955,0.00683955
170,977,,EN,,,,,,,,,,,andagrok,,,recR99Ufp9MpskNe2,,,,,,31/3/2022 08:48,,,,0.00673432,0.00673432
171,2563,,EN,,,,,,,,,,,ivan_bro1,,,recIIU8decu591Dcv,,,,,,31/3/2022 08:48,,,,0.00673432,0.00673432
172,1914,,EN,,,,,,,,,,,upgraded_astilos,,,recbeTPPYvF1sbMMB,,,,,,31/3/2022 08:48,,,,0.00666417,0.00666417
173,1417,,EN,,,,,,,,,,,alionaalias,,,rec5PlnadLWHzxFM0,,,,,,31/3/2022 08:48,,,,0.00651686,0.00651686
174,2299,,EN,,,,,,,,,,,kost22,,,recmLgFy1WrfxqT3e,,,,,,31/3/2022 08:48,,,,0.00648880,0.00648880
175,1295,,EN,,,,,,,,,,,leopold,,,recY6eDNsW53m0Qly,,,,,,31/3/2022 08:48,,,,0.00641865,0.00641865
176,1155,,EN,,,,,,,,,,,sturmmann,,,rec46vVe0FzfZymbV,,,,,,31/3/2022 08:48,,,,0.00638358,0.00638358
177,1919,,EN,,,,,,,,,,,joyzetter,,,recLPldHO3HDFXbL4,,,,,,31/3/2022 08:48,,,,0.00631343,0.00631343
178,2253,,EN,,,,,,,,,,,kostinv,,,recWBQDGFb0K7Ypfr,,,,,,31/3/2022 08:48,,,,0.00631343,0.00631343
179,2278,,EN,,,,,,,,,,,joyserg,,,receYi7jflHMDBgFD,,,,,,31/3/2022 08:48,,,,0.00631343,0.00631343
180,2440,,EN,,,,,,,,,,,codervv,,,recns9EHjHimPvnJK,,,,,,31/3/2022 08:48,,,,0.00631343,0.00631343
181,2259,,EN,,,,,,,,,,,ntnjoy,,,recocbBJBB6gshjNt,,,,,,31/3/2022 08:48,,,,0.00631343,0.00631343
182,2290,,EN,,,,,,,,,,,markgenuine,,,rect15GawIkhOfGz5,,,,,,31/3/2022 08:48,,,,0.00631343,0.00631343
183,2480,,EN,,,,,,,,,,,hyrych,,,reczAZ4VIEiMOTAi8,,,,,,31/3/2022 08:48,,,,0.00631343,0.00631343
184,2442,,EN,,,,,,,,,,,kakkkos,,,recXTGjjzc6VtddKO,,,,,,31/3/2022 08:48,,,,0.00631343,0.00631343
185,799,,EN,,,,,,,,,,,elgreen,,,recDICq7m2ef5f6mg,,,,,,31/3/2022 08:48,,,,0.00613805,0.00613805
186,2348,,EN,,,,,,,,,,,moveton,,,recoUXwtX5kDW8aYZ,,,,,,31/3/2022 08:48,,,,0.00613805,0.00613805
187,2342,,EN,,,,,,,,,,,vladislav220294,,,recM26oh4dVJNiKYG,,,,,,31/3/2022 08:48,,,,0.00613805,0.00613805
188,2673,,EN,,,,,,,,,,,polikosi,,,recyi73WnG2kur6PF,,,,,,31/3/2022 08:48,,,,0.00606791,0.00606791
189,1969,,EN,,,,,,,,,,,alexs67,,,recxZ4TxqmJQmMccq,,,,,,31/3/2022 08:48,,,,0.00592761,0.00592761
190,1058,,EN,,,,,,,,,,,technical,,,recMof3aEACM7ulml,,,,,,31/3/2022 08:48,,,,0.00585746,0.00585746
191,2214,,EN,,,,,,,,,,,webmeljoystream,,,rec4qtTkf80SknbZN,,,,,,31/3/2022 08:48,,,,0.00578731,0.00578731
192,2353,,EN,,,,,,,,,,,perl85,,,recz0K3pUOhJzVI4W,,,,,,31/3/2022 08:48,,,,0.00578731,0.00578731
193,2361,,EN,,,,,,,,,,,andyjoy,,,rec4QUnMmqgABCL9V,,,,,,31/3/2022 08:48,,,,0.00578731,0.00578731
194,2313,,EN,,,,,,,,,,,ruslan,,,rec0f71OTx6WGQJwS,,,,,,31/3/2022 08:48,,,,0.00578731,0.00578731
195,2380,,EN,,,,,,,,,,,erni13,,,recgXRIrm95GtPjS3,,,,,,31/3/2022 08:48,,,,0.00578731,0.00578731
196,2568,,EN,,,,,,,,,,,arturigorevich,,,receJHTq3YzunzE8o,,,,,,31/3/2022 08:48,,,,0.00578731,0.00578731
197,2567,,EN,,,,,,,,,,,hennadii,,,recF3Hc9zpjXENmwh,,,,,,31/3/2022 08:48,,,,0.00578731,0.00578731
198,505,,EN,,,,,,,,,,,prague,,,recNzKbDPfsHzRuHw,,,,,,31/3/2022 08:48,,,,0.00561194,0.00561194
199,1642,,EN,,,,,,,,,,,slavik_investor,,,recCyx4KojE4xX8W1,,,,,,31/3/2022 08:48,,,,0.00535238,0.00535238
200,549,,EN,,,,,,,,,,,b1boid,,,rec45jdQsfApStLyZ,,,,,,31/3/2022 08:48,,,,0.00526119,0.00526119
201,1020,,EN,,,,,,,,,,,igor171,,,recEdN23fVvZtAbjb,,,,,,31/3/2022 08:48,,,,0.00526119,0.00526119
202,2023,,EN,,,,,,,,,,,phet90stash,,,reciJ70kvT5cWkQyG,,,,,,31/3/2022 08:48,,,,0.00526119,0.00526119
203,1051,,EN,,,,,,,,,,,toyballz,,,recsWazWKCFMgMQn2,,,,,,31/3/2022 08:48,,,,0.00526119,0.00526119
204,1942,,EN,,,,,,,,,,,chibick,,,rec8FQbuEoIr6JXgk,,,,,,31/3/2022 08:48,,,,0.00526119,0.00526119
205,2444,,EN,,,,,,,,,,,kaylee,,,recp3TFlGIWy30Gyy,,,,,,31/3/2022 08:48,,,,0.00526119,0.00526119
206,2347,,EN,,,,,,,,,,,yuriikuts,,,recmEyblRo1K3GDL2,,,,,,31/3/2022 08:48,,,,0.00526119,0.00526119
207,2413,,EN,,,,,,,,,,,artemis,,,recZFC63KMTfpFniM,,,,,,31/3/2022 08:48,,,,0.00526119,0.00526119
208,2527,,EN,,,,,,,,,,,arionode,,,recDuYOorfKprlFzl,,,,,,31/3/2022 08:48,,,,0.00526119,0.00526119
209,2665,,EN,,,,,,,,,,,xixixax,,,reckhVGvdLzacbk6L,,,,,,31/3/2022 08:48,,,,0.00526119,0.00526119
210,2503,,EN,,,,,,,,,,,kuzma_liveproducer,,,rec2xQbxvtKKgKbXO,,,,,,31/3/2022 08:48,,,,0.00526119,0.00526119
211,2268,,EN,,,,,,,,,,,airled_joy,,,reci6LBVuRux94bgF,,,,,,31/3/2022 08:48,,,,0.00512089,0.00512089
212,476,,EN,,,,,,,,,,,sawaleme,,,recaXTLX9BJAem8J9,,,,,,31/3/2022 08:48,,,,0.00508582,0.00508582
213,839,,EN,,,,,,,,,,,andrcz,,,recMLo2BQT8dmJMsv,,,,,,31/3/2022 08:48,,,,0.00508582,0.00508582
214,1146,,EN,,,,,,,,,,,niknat,,,recLHi6VSmI98JrzZ,,,,,,31/3/2022 08:48,,,,0.00498059,0.00498059
215,556,,EN,,,,,,,,,,,alexo,,,recHYiZBRl5FxwoaQ,,,,,,31/3/2022 08:48,,,,0.00487537,0.00487537
216,1029,,EN,,,,,,,,,,,darcksday,,,recv3Oqu41RWHi1Ky,,,,,,31/3/2022 08:48,,,,0.00487537,0.00487537
217,1938,,EN,,,,,,,,,,,serhios,,,recAZTE8XvKsPEhod,,,,,,31/3/2022 08:48,,,,0.00473507,0.00473507
218,2186,,EN,,,,,,,,,,,spike,,,recAuPPIfTtU4JAHo,,,,,,31/3/2022 08:48,,,,0.00473507,0.00473507
219,2222,,EN,,,,,,,,,,,maxon,,,reclyVyFvoDP2V8O5,,,,,,31/3/2022 08:48,,,,0.00473507,0.00473507
220,2308,,EN,,,,,,,,,,,buzzinone,,,rec4WY92m7vPFaow4,,,,,,31/3/2022 08:48,,,,0.00473507,0.00473507
221,2360,,EN,,,,,,,,,,,shumilo,,,rectSfIuiTn0qcWvz,,,,,,31/3/2022 08:48,,,,0.00473507,0.00473507
222,2559,,EN,,,,,,,,,,,lockck01,,,recYVXXeL1H73A9XI,,,,,,31/3/2022 08:48,,,,0.00473507,0.00473507
223,2595,,EN,,,,,,,,,,,greenmile,,,recHkawHMpBX8400Z,,,,,,31/3/2022 08:48,,,,0.00473507,0.00473507
224,2614,,EN,,,,,,,,,,,charmander,,,recP2w69xFepHMkB1,,,,,,31/3/2022 08:48,,,,0.00473507,0.00473507
225,2615,,EN,,,,,,,,,,,baldur,,,recmCJsDzKQKD5rg0,,,,,,31/3/2022 08:48,,,,0.00473507,0.00473507
226,2550,,EN,,,,,,,,,,,azpwnz,,,recnnlHU216J0pycM,,,,,,31/3/2022 08:48,,,,0.00473507,0.00473507
227,2661,,EN,,,,,,,,,,,heimdall,,,reciZaEPh76ygEbVV,,,,,,31/3/2022 08:48,,,,0.00473507,0.00473507
228,2696,,EN,,,,,,,,,,,patsan4ik,,,recQd87xLNb8Gt4E4,,,,,,31/3/2022 08:48,,,,0.00473507,0.00473507
229,2392,,EN,,,,,,,,,,,andrey_miror,,,recjBzxQDGtI0G64D,,,,,,31/3/2022 08:48,,,,0.00466492,0.00466492
230,985,,EN,,,,,,,,,,,petrik41,,,rec5tauKi6Y6Xwr32,,,,,,31/3/2022 08:48,,,,0.00462985,0.00462985
231,829,,EN,,,,,,,,,,,deadline9854,,,recbfV1H6m5OiGDUC,,,,,,31/3/2022 08:48,,,,0.00459477,0.00459477
232,2071,,EN,,,,,,,,,,,lapidoss,,,recrZuKJtBUmBF8GD,,,,,,31/3/2022 08:48,,,,0.00455970,0.00455970
233,1273,,EN,,,,,,,,,,,jambox555,,,recHhERP6RQBqs1EN,,,,,,31/3/2022 08:48,,,,0.00445447,0.00445447
234,1186,,EN,,,,,,,,,,,michael_go_on,,,rec86gLEJcobJIyAv,,,,,,31/3/2022 08:48,,,,0.00445447,0.00445447
235,1360,,EN,,,,,,,,,,,floppy,,,recALaSYvAkWzFoy8,,,,,,31/3/2022 08:48,,,,0.00434925,0.00434925
236,1524,,EN,,,,,,,,,,,segamega,,,recfGXa01xvUaZBht,,,,,,31/3/2022 08:48,,,,0.00427910,0.00427910
237,1261,,EN,,,,,,,,,,,milshatn,,,recwtaTYvzxIZTTzU,,,,,,31/3/2022 08:48,,,,0.00424403,0.00424403
238,741,,EN,,,,,,,,,,,lidalulkova1984,,,recTw8Y8zRxcbRvRr,,,,,,31/3/2022 08:48,,,,0.00420895,0.00420895
239,1794,,EN,,,,,,,,,,,nigolov,,,rectwJR3AApx3Onh3,,,,,,31/3/2022 08:48,,,,0.00420895,0.00420895
240,2132,,EN,,,,,,,,,,,airfunriver,,,recltbXtjOUldWnDr,,,,,,31/3/2022 08:48,,,,0.00420895,0.00420895
241,2116,,EN,,,,,,,,,,,joystreammax,,,rec1yIbdNh7giJNzW,,,,,,31/3/2022 08:48,,,,0.00420895,0.00420895
242,2549,,EN,,,,,,,,,,,vladv77,,,recbCWBbndaarO2dY,,,,,,31/3/2022 08:48,,,,0.00420895,0.00420895
243,2551,,EN,,,,,,,,,,,zunami_2,,,recbz0L48zRtdPZB1,,,,,,31/3/2022 08:48,,,,0.00420895,0.00420895
244,2439,,EN,,,,,,,,,,,ozzy_node,,,rechzKZPt2AQuFSHd,,,,,,31/3/2022 08:48,,,,0.00420895,0.00420895
245,2571,,EN,,,,,,,,,,,mars_13859,,,recGaUdxcbWSpdzUW,,,,,,31/3/2022 08:48,,,,0.00420895,0.00420895
246,2443,,EN,,,,,,,,,,,artem1796joystream,,,recksitpgM3JZzMEX,,,,,,31/3/2022 08:48,,,,0.00420895,0.00420895
247,2626,,EN,,,,,,,,,,,dasha,,,recPELXpwj6TCFvzQ,,,,,,31/3/2022 08:48,,,,0.00420895,0.00420895
248,2612,,EN,,,,,,,,,,,igorenya7,,,rec0JgLT155EsqeX3,,,,,,31/3/2022 08:48,,,,0.00420895,0.00420895
249,1691,,EN,,,,,,,,,,,dima_55,,,recMRdIhXVUDeyDg1,,,,,,31/3/2022 08:48,,,,0.00413880,0.00413880
250,553,,EN,,,,,,,,,,,uelufl,,,recp2uajUGFJiq5CF,,,,,,31/3/2022 08:48,,,,0.00406865,0.00406865
251,2536,,EN,,,,,,,,,,,vebster88,,,rec9ihvFwpHGC3YvI,,,,,,31/3/2022 08:48,,,,0.00406865,0.00406865
252,2746,,EN,,,,,,,,,,,dima0077,,,recyJrbUlrJXGWTqw,,,,,,31/3/2022 08:48,,,,0.00406865,0.00406865
253,507,,EN,,,,,,,,,,,orang3club,,,recn3MStyYqyhddWj,,,,,,31/3/2022 08:48,,,,0.00403358,0.00403358
254,2917,,EN,,,,,,,,,,,0isav1,,,reclUVZEzFvG0FOZV,,,,,,31/3/2022 08:48,,,,0.00399850,0.00399850
255,572,,EN,,,,,,,,,,,debakus,,,recvaWA2s3Z6eloNx,,,,,,31/3/2022 08:48,,,,0.00385821,0.00385821
256,1842,,EN,,,,,,,,,,,uliczny,,,recaDZHhsO32yWxEK,,,,,,31/3/2022 08:48,,,,0.00385821,0.00385821
257,804,,EN,,,,,,,,,,,sofiia,,,recEBKjWFMLUM8NHN,,,,,,31/3/2022 08:48,,,,0.00378806,0.00378806
258,1182,,EN,,,,,,,,,,,valysha37,,,recXNVvbXFoXNi0G8,,,,,,31/3/2022 08:48,,,,0.00378806,0.00378806
259,2690,,EN,,,,,,,,,,,vynev,,,recwFs5NngbJi8gav,,,,,,31/3/2022 08:48,,,,0.00378806,0.00378806
260,2244,,EN,,,,,,,,,,,rusha,,,recGo0ykPN9acTKFH,,,,,,31/3/2022 08:48,,,,0.00368283,0.00368283
261,2090,,EN,,,,,,,,,,,kzyry,,,recsxxrKVuTguncRG,,,,,,31/3/2022 08:48,,,,0.00368283,0.00368283
262,2276,,EN,,,,,,,,,,,np900,,NP900#1047,reclcpjCb5B0dipHz,,,,,,31/3/2022 08:48,,,,0.00368283,0.00368283
263,2454,,EN,,,,,,,,,,,ava2500,,,recksGbs8M3Gb1kdi,,,,,,31/3/2022 08:48,,,,0.00368283,0.00368283
264,2428,,EN,,,,,,,,,,,johentohen,,,rech1FA60sYMkumvK,,,,,,31/3/2022 08:48,,,,0.00368283,0.00368283
265,2405,,EN,,,,,,,,,,,dexxxx,,,rec4IkpTze4Xx00EF,,,,,,31/3/2022 08:48,,,,0.00368283,0.00368283
266,2463,,EN,,,,,,,,,,,moonarack,,,recYfCz0Gw14hupL5,,,,,,31/3/2022 08:48,,,,0.00368283,0.00368283
267,2600,,EN,,,,,,,,,,,lulagerman,,,recJbbmO1hFP89qMK,,,,,,31/3/2022 08:48,,,,0.00368283,0.00368283
268,2662,,EN,,,,,,,,,,,loki_2021,,,rec15tWypICOrs8rc,,,,,,31/3/2022 08:48,,,,0.00368283,0.00368283
269,2352,,EN,,,,,,,,,,,asm_doubletop,,,recStCD8tHMB1IDg3,,,,,,31/3/2022 08:48,,,,0.00368283,0.00368283
270,2688,,EN,,,,,,,,,,,maxcom,,,recw6ay47m9ppBF5Y,,,,,,31/3/2022 08:48,,,,0.00368283,0.00368283
271,2774,,EN,,,,,,,,,,,leron01,,,recItkWLTO80dCyGd,,,,,,31/3/2022 08:48,,,,0.00368283,0.00368283
272,2803,,EN,,,,,,,,,,,mishanya,,,recAjMEgj5Vivjxt4,,,,,,31/3/2022 08:48,,,,0.00368283,0.00368283
273,3234,,EN,,,,,,,,,,,jen4ph,,jen4#8632,recYkmni7emiXRVnu,,,,,,31/3/2022 08:48,,,,0.00350746,0.00350746
274,129,,EN,,,,,,,,,,,anthony,,,recpB0fexhnhZ7GD1,,,,,,31/3/2022 08:48,,,,0.00350746,0.00350746
275,1152,,EN,,,,,,,,,,,kaberezhiani,,,rec2nbi25p4QxXsnJ,,,,,,31/3/2022 08:48,,,,0.00350746,0.00350746
276,351,,EN,,,,,,,,,,,hertz,,,recARedecbDskUA12,,,,,,31/3/2022 08:48,,,,0.00350746,0.00350746
277,121,,EN,,,,,,,,,,,leifeng,,,recR8FiOFkYM1pXDu,,,,,,31/3/2022 08:48,,,,0.00350746,0.00350746
278,131,,EN,,,,,,,,,,,jjbutton,,,recH1WtOf79eyOD7t,,,,,,31/3/2022 08:48,,,,0.00350746,0.00350746
279,600,,EN,,,,,,,,,,,nikolaevichdm,,,recUOBSBmDexCPyUR,,,,,,31/3/2022 08:48,,,,0.00343731,0.00343731
280,1924,,EN,,,,,,,,,,,elturrco,,,rec3WkDsIG9yDQbsT,,,,,,31/3/2022 08:48,,,,0.00343731,0.00343731
281,826,,EN,,,,,,,,,,,vikusss,,,reccj7TwZaWISbQCe,,,,,,31/3/2022 08:48,,,,0.00336716,0.00336716
282,743,,EN,,,,,,,,,,,ssstrokovsss,,,reckw6WXN0BqYGx7c,,,,,,31/3/2022 08:48,,,,0.00315671,0.00315671
283,1042,,EN,,,,,,,,,,,q1w2e,,,rectcVYr2bqlBoqlZ,,,,,,31/3/2022 08:48,,,,0.00315671,0.00315671
284,1103,,EN,,,,,,,,,,,buba_ru,,,recKMn5uPuXjFETyr,,,,,,31/3/2022 08:48,,,,0.00315671,0.00315671
285,1896,,EN,,,,,,,,,,,riviera,,,recSHBmw9MNgDw8QR,,,,,,31/3/2022 08:48,,,,0.00315671,0.00315671
286,2535,,EN,,,,,,,,,,,vladkom,,,recE8lJE8HiYxqMEm,,,,,,31/3/2022 08:48,,,,0.00315671,0.00315671
287,2588,,EN,,,,,,,,,,,prusovdajoystream,,,recpBsU7UD6AhUuwQ,,,,,,31/3/2022 08:48,,,,0.00315671,0.00315671
288,2623,,EN,,,,,,,,,,,andrey8686,,,recVg1q8YyFuxhX0W,,,,,,31/3/2022 08:48,,,,0.00315671,0.00315671
289,2695,,EN,,,,,,,,,,,rikkitikkitavi,,,recCEdzHrZ5JlxMyR,,,,,,31/3/2022 08:48,,,,0.00315671,0.00315671
290,2692,,EN,,,,,,,,,,,aleksabdullaev,,,recHDZvo1DASPS3Zt,,,,,,31/3/2022 08:48,,,,0.00315671,0.00315671
291,2636,,EN,,,,,,,,,,,apple,,,recxRUBQup4Yd4e6A,,,,,,31/3/2022 08:48,,,,0.00315671,0.00315671
292,2589,,EN,,,,,,,,,,,vitjo,,,recvMIIwY2g22eB5j,,,,,,31/3/2022 08:48,,,,0.00315671,0.00315671
293,2792,,EN,,,,,,,,,,,cryptoboss,,,rec8MB92yewNov1uf,,,,,,31/3/2022 08:48,,,,0.00315671,0.00315671
294,2002,,EN,,,,,,,,,,,xyz13,,,recb3HrWlDlDcSRGP,,,,,,31/3/2022 08:48,,,,0.00315671,0.00315671
295,2591,,EN,,,,,,,,,,,fritur,,,recI2WcAhDD0vB9uB,,,,,,31/3/2022 08:48,,,,0.00315671,0.00315671
296,2414,,EN,,,,,,,,,,,artemisdev,,,recJpR2a23rkLqmRJ,,,,,,31/3/2022 08:48,,,,0.00298134,0.00298134
297,1247,,EN,,,,,,,,,,,alsh16,,,rec3B6PTEnYHFAjNV,,,,,,31/3/2022 08:48,,,,0.00287612,0.00287612
298,819,,EN,,,,,,,,,,,masternode24,,,rec54Ya0KWQ18AEqD,,,,,,31/3/2022 08:48,,,,0.00284104,0.00284104
299,778,,EN,,,,,,,,,,,igormig,,,recyZ5VoPTjK42vUk,,,,,,31/3/2022 08:48,,,,0.00284104,0.00284104
300,557,,EN,,,,,,,,,,,n0name,,,recnFLi5KhhwUReKK,,,,,,31/3/2022 08:48,,,,0.00275686,0.00275686
301,603,,EN,,,,,,,,,,,ramsy,,,recnIrZY4KO15H6iP,,,,,,31/3/2022 08:48,,,,0.00273582,0.00273582
302,1188,,EN,,,,,,,,,,,lesya,,,recHghZbqSJ9qHRVG,,,,,,31/3/2022 08:48,,,,0.00270074,0.00270074
303,974,,EN,,,,,,,,,,,vitdetz,,,rec4NkEbQZ3oYBA3q,,,,,,31/3/2022 08:48,,,,0.00263059,0.00263059
304,1090,,EN,,,,,,,,,,,volkovsa,,,rec14K2S9KCXMered,,,,,,31/3/2022 08:48,,,,0.00263059,0.00263059
305,766,,EN,,,,,,,,,,,mitkovaanyuta,,,recoVvqs2KuU5VtyY,,,,,,31/3/2022 08:48,,,,0.00263059,0.00263059
306,1985,,EN,,,,,,,,,,,ksskolota,,,recbmtwwOb1L24t0R,,,,,,31/3/2022 08:48,,,,0.00263059,0.00263059
307,2193,,EN,,,,,,,,,,,voroof,,,recrNyNIqP1MBxwRO,,,,,,31/3/2022 08:48,,,,0.00263059,0.00263059
308,2580,,EN,,,,,,,,,,,maksidoroshinsky,,,recIocLc0dplmEqML,,,,,,31/3/2022 08:48,,,,0.00263059,0.00263059
309,2208,,EN,,,,,,,,,,,russo,,,recVxka4wlVZlePYn,,,,,,31/3/2022 08:48,,,,0.00263059,0.00263059
310,2669,,EN,,,,,,,,,,,humandebs,,,recv2L2b0Ma7ovA0O,,,,,,31/3/2022 08:48,,,,0.00263059,0.00263059
311,2677,,EN,,,,,,,,,,,dmitriev02,,,recRan9LDyTEbsKsw,,,,,,31/3/2022 08:48,,,,0.00263059,0.00263059
312,2689,,EN,,,,,,,,,,,krismoris,,,recVfJVrvk7lSuJcw,,,,,,31/3/2022 08:48,,,,0.00263059,0.00263059
313,2621,,EN,,,,,,,,,,,wocjoy,,,recEDqdSSqdaX8264,,,,,,31/3/2022 08:48,,,,0.00263059,0.00263059
314,2593,,EN,,,,,,,,,,,ars44,,,recxS2UHBEjcbCHZK,,,,,,31/3/2022 08:48,,,,0.00263059,0.00263059
315,2721,,EN,,,,,,,,,,,ufymau,,,recqQZORYmCrvJcT4,,,,,,31/3/2022 08:48,,,,0.00263059,0.00263059
316,2631,,EN,,,,,,,,,,,chebarlen,,,rechDmlUDRfR4iqFB,,,,,,31/3/2022 08:48,,,,0.00263059,0.00263059
317,2637,,EN,,,,,,,,,,,alpha7,,,recJHvbhJkQgKd7CL,,,,,,31/3/2022 08:48,,,,0.00263059,0.00263059
318,2638,,EN,,,,,,,,,,,beast,,,recRZJLSYKv5Co5oH,,,,,,31/3/2022 08:48,,,,0.00263059,0.00263059
319,2639,,EN,,,,,,,,,,,devil,,,rec9XIAJIJJtp2t1n,,,,,,31/3/2022 08:48,,,,0.00263059,0.00263059
320,2640,,EN,,,,,,,,,,,cowboy,,,reccHvbSo30RtbBwx,,,,,,31/3/2022 08:48,,,,0.00263059,0.00263059
321,2705,,EN,,,,,,,,,,,sqvadro,,,recP82vrWe0vchMHp,,,,,,31/3/2022 08:48,,,,0.00263059,0.00263059
322,2757,,EN,,,,,,,,,,,handy,,,rec9sxb5INvGJwyOi,,,,,,31/3/2022 08:48,,,,0.00263059,0.00263059
323,2343,,EN,,,,,,,,,,,blondik,,,recSfLUqareLXgN6T,,,,,,31/3/2022 08:48,,,,0.00263059,0.00263059
324,2555,,EN,,,,,,,,,,,balian,,,recizVBtEDax540rt,,,,,,31/3/2022 08:48,,,,0.00263059,0.00263059
325,2766,,EN,,,,,,,,,,,korablas,,,recEKcj6cbQnWdsAD,,,,,,31/3/2022 08:48,,,,0.00263059,0.00263059
326,2775,,EN,,,,,,,,,,,ginna035,,,recTSthltcK72T8oe,,,,,,31/3/2022 08:48,,,,0.00263059,0.00263059
327,2820,,EN,,,,,,,,,,,chickogrande,,,recL6J5iCff7br4Rv,,,,,,31/3/2022 08:48,,,,0.00263059,0.00263059
328,2755,,EN,,,,,,,,,,,dakand,,,recoGGe23flxJOVO6,,,,,,31/3/2022 08:48,,,,0.00263059,0.00263059
329,2630,,EN,,,,,,,,,,,widcore,,,recbh07l1n3JOTdvM,,,,,,31/3/2022 08:48,,,,0.00256045,0.00256045
330,933,,EN,,,,,,,,,,,naxodka,,,recux7vvC3aOBGWf2,,,,,,31/3/2022 08:48,,,,0.00250433,0.00250433
331,896,,EN,,,,,,,,,,,snesdude,,,rec6w5VkyAcvAz3H1,,,,,,31/3/2022 08:48,,,,0.00245522,0.00245522
332,1414,,EN,,,,,,,,,,,bobbeng,,,recuc9cwftww7ZRXO,,,,,,31/3/2022 08:48,,,,0.00245522,0.00245522
333,1585,,EN,,,,,,,,,,,arraqis,,,recTSzVgy0VqQDe6W,,,,,,31/3/2022 08:48,,,,0.00245522,0.00245522
334,2753,,EN,,,,,,,,,,,dddqd85_,,,recm00jMB1wbutxXk,,,,,,31/3/2022 08:48,,,,0.00245522,0.00245522
335,621,,EN,,,,,,,,,,,zafkiv,,,recJEzvPdwW2H64SU,,,,,,31/3/2022 08:48,,,,0.00244821,0.00244821
336,935,,EN,,,,,,,,,,,bespilya,,,recpVMho8JkIebosJ,,,,,,31/3/2022 08:48,,,,0.00238507,0.00238507
337,2624,,EN,,,,,,,,,,,krippsi,,,rec497hBQSFSquwIl,,,,,,31/3/2022 08:48,,,,0.00235000,0.00235000
338,2793,,EN,,,,,,,,,,,gzl_node_1,,,recEGZbjfBlilbFqp,,,,,,31/3/2022 08:48,,,,0.00235000,0.00235000
339,583,,EN,,,,,,,,,,,kisslovefun,,,recQewqSNWOD3kZF5,,,,,,31/3/2022 08:48,,,,0.00227985,0.00227985
340,721,,EN,,,,,,,,,,,f1rze,,,recYph9O4lg6hMWPj,,,,,,31/3/2022 08:48,,,,0.00224477,0.00224477
341,744,,EN,,,,,,,,,,,paveldot,,,recCrrIiBaFHeP4Ua,,,,,,31/3/2022 08:48,,,,0.00224477,0.00224477
342,1742,,EN,,,,,,,,,,,artigiano,,,recBLLHUpvAPI4yrB,,,,,,31/3/2022 08:48,,,,0.00224477,0.00224477
343,1619,,EN,,,,,,,,,,,hodler,,,recpCGhnjLmE1eEpK,,,,,,31/3/2022 08:48,,,,0.00217462,0.00217462
344,2622,,EN,,,,,,,,,,,ritfal,,,recUAuQvtkM0owiJN,,,,,,31/3/2022 08:48,,,,0.00217462,0.00217462
345,1362,,EN,,,,,,,,,,,edo111,,,recvDx0LXp87ChFxQ,,,,,,31/3/2022 08:48,,,,0.00213955,0.00213955
346,2776,,EN,,,,,,,,,,,allyes,,,recxBGIsY6k7HcGJJ,,,,,,31/3/2022 08:48,,,,0.00213955,0.00213955
347,701,,EN,,,,,,,,,,,smark,,,recFPSitT32rdBERU,,,,,,31/3/2022 08:48,,,,0.00212552,0.00212552
348,2972,,EN,,,,,,,,,,,anikeeff44,,,rec95WyacnBcETXSc,,,,,,31/3/2022 08:48,,,,0.00210448,0.00210448
349,976,,EN,,,,,,,,,,,mykola,,,reclFdV4R1jU4cP7L,,,,,,31/3/2022 08:48,,,,0.00210448,0.00210448
350,841,,EN,,,,,,,,,,,scrmcduck,,,recGBVsqHR3DSbqVQ,,,,,,31/3/2022 08:48,,,,0.00210448,0.00210448
351,1672,,EN,,,,,,,,,,,maksimiljan,,,recNNg3eirLRMT2EN,,,,,,31/3/2022 08:48,,,,0.00210448,0.00210448
352,1610,,EN,,,,,,,,,,,mechanik_testnet,,,recFqyQ1oNaucVSqp,,,,,,31/3/2022 08:48,,,,0.00210448,0.00210448
353,871,,EN,,,,,,,,,,,reingoldt,,,rec5GiAkLtT9XmlAl,,,,,,31/3/2022 08:48,,,,0.00210448,0.00210448
354,834,,EN,,,,,,,,,,,bolon,,,recyXAQCAYK8QcP4W,,,,,,31/3/2022 08:48,,,,0.00210448,0.00210448
355,1024,,EN,,,,,,,,,,,kvinus,,,recGkaf71gZWqqPiE,,,,,,31/3/2022 08:48,,,,0.00210448,0.00210448
356,1622,,EN,,,,,,,,,,,andruxat,,,recRNI3uIn0M52QnJ,,,,,,31/3/2022 08:48,,,,0.00210448,0.00210448
357,1227,,EN,,,,,,,,,,,cyberguy,,,recPKC4rXQDZeT1mC,,,,,,31/3/2022 08:48,,,,0.00210448,0.00210448
358,750,,EN,,,,,,,,,,,strokovaelenaa,,,rec6YUIsP3sx5IpBt,,,,,,31/3/2022 08:48,,,,0.00210448,0.00210448
359,776,,EN,,,,,,,,,,,parik,,,recORYSSlyS5NUZy1,,,,,,31/3/2022 08:48,,,,0.00210448,0.00210448
360,1752,,EN,,,,,,,,,,,joystreamvalenseyelans,,,rec4Mk5UOSCZjffls,,,,,,31/3/2022 08:48,,,,0.00210448,0.00210448
361,1908,,EN,,,,,,,,,,,kotsiba,,,recZlBD8DRI5rrURA,,,,,,31/3/2022 08:48,,,,0.00210448,0.00210448
362,1963,,EN,,,,,,,,,,,ganya,,,recfwc8q3P07Aeryi,,,,,,31/3/2022 08:48,,,,0.00210448,0.00210448
363,1973,,EN,,,,,,,,,,,mrjordan90,,,reckhNpJCRjNuKARg,,,,,,31/3/2022 08:48,,,,0.00210448,0.00210448
364,2080,,EN,,,,,,,,,,,vskolota,,,recHwTMIu28k83hLp,,,,,,31/3/2022 08:48,,,,0.00210448,0.00210448
365,2079,,EN,,,,,,,,,,,skopteva,,,recQiVvErhHIlFA62,,,,,,31/3/2022 08:48,,,,0.00210448,0.00210448
366,2224,,EN,,,,,,,,,,,anastasiagazukina,,,reczRCcARcPt82eQX,,,,,,31/3/2022 08:48,,,,0.00210448,0.00210448
367,2372,,EN,,,,,,,,,,,kaloyan,,,recKdUHCsgQazejse,,,,,,31/3/2022 08:48,,,,0.00210448,0.00210448
368,3140,,EN,,,,,,,,,,,hitchhooker,,,rec3SOj52ei3VrSF1,,,,,,31/3/2022 08:48,,,,0.00210448,0.00210448
369,993,,EN,,,,,,,,,,,kkmaker,,,rechUAFQlTlJfApLS,,,,,,31/3/2022 08:48,,,,0.00206940,0.00206940
370,1093,,EN,,,,,,,,,,,cheburashka,,,recPbGYisrP7z7YBm,,,,,,31/3/2022 08:48,,,,0.00196418,0.00196418
371,567,,EN,,,,,,,,,,,nbridge,,,recxUZvWiJLpGjK4K,,,,,,31/3/2022 08:48,,,,0.00189403,0.00189403
372,1063,,EN,,,,,,,,,,,forsmajor,,,rec1QMReEDzZTYRCh,,,,,,31/3/2022 08:48,,,,0.00188000,0.00188000
373,1100,,EN,,,,,,,,,,,bertram,,,receqGf0hHpJIqupZ,,,,,,31/3/2022 08:48,,,,0.00186597,0.00186597
374,868,,EN,,,,,,,,,,,upgrade,,,recfE7q3aPwbCujO7,,,,,,31/3/2022 08:48,,,,0.00185895,0.00185895
375,954,,EN,,,,,,,,,,,volodin,,,recqhmSEX4gQKgb5V,,,,,,31/3/2022 08:48,,,,0.00182388,0.00182388
376,577,,EN,,,,,,,,,,,frekenbok,,,recyo1uLFFTLPPGQ8,,,,,,31/3/2022 08:48,,,,0.00178880,0.00178880
377,1097,,EN,,,,,,,,,,,hisdeaq,,,recyu63K0gmJ1Srm5,,,,,,31/3/2022 08:48,,,,0.00175373,0.00175373
378,576,,EN,,,,,,,,,,,qwerter,,,recADtdKQhKiQg7pY,,,,,,31/3/2022 08:48,,,,0.00175373,0.00175373
379,1557,,EN,,,,,,,,,,,jeremy,,,rec2CRktfZDoQ9z8v,,,,,,31/3/2022 08:48,,,,0.00175373,0.00175373
380,602,,EN,,,,,,,,,,,jimmy,,,recMiBJ4xnilboclU,,,,,,31/3/2022 08:48,,,,0.00175373,0.00175373
381,225,,EN,,,,,,,,,,,ali878,,,reckZedElF1Ee4nWp,,,,,,31/3/2022 08:48,,,,0.00175373,0.00175373
382,156,,EN,,,,,,,,,,,marin,,,recUXJZ0XZpJRf8J3,,,,,,31/3/2022 08:48,,,,0.00175373,0.00175373
383,252,,EN,,,,,,,,,,,bowene,,,recyCMCRdLKI5P43D,,,,,,31/3/2022 08:48,,,,0.00175373,0.00175373
384,1059,,EN,,,,,,,,,,,darkdev,,,recJ0DlgYd2zrjPlh,,,,,,31/3/2022 08:48,,,,0.00175373,0.00175373
385,2469,,EN,,,,,,,,,,,protektwar,,,recuChG43K7e4PmDc,,,,,,31/3/2022 08:48,,,,0.00175373,0.00175373
386,988,,EN,,,,,,,,,,,trivecta1972,,,recCzxjoSc3oxMfcy,,,,,,31/3/2022 08:48,,,,0.00166955,0.00166955
387,813,,EN,,,,,,,,,,,rutty,,,recb27G9UrUUN2Sli,,,,,,31/3/2022 08:48,,,,0.00164851,0.00164851
388,1147,,EN,,,,,,,,,,,nilscat,,,recmSPIe1K0gbVVj7,,,,,,31/3/2022 08:48,,,,0.00164851,0.00164851
389,558,,EN,,,,,,,,,,,rossoneri,,,rec7SFFK7jaz4rubp,,,,,,31/3/2022 08:48,,,,0.00164851,0.00164851
390,1547,,EN,,,,,,,,,,,simply_god,,,recEyJKja7JjY7JZC,,,,,,31/3/2022 08:48,,,,0.00159239,0.00159239
391,1074,,EN,,,,,,,,,,,elementdot,,,recw44JABC8w2LyMl,,,,,,31/3/2022 08:48,,,,0.00157836,0.00157836
392,1174,,EN,,,,,,,,,,,vladimir01,,,rec7wiMS03JDwIQZz,,,,,,31/3/2022 08:48,,,,0.00157836,0.00157836
393,1819,,EN,,,,,,,,,,,myxaletishe,,,recM2viUSpExNnVIn,,,,,,31/3/2022 08:48,,,,0.00157836,0.00157836
394,1968,,EN,,,,,,,,,,,jasonmason67,,,reczpVBC2sTXKdOQo,,,,,,31/3/2022 08:48,,,,0.00157836,0.00157836
395,1987,,EN,,,,,,,,,,,bruft,,,recPaoE4tCRtlpuIm,,,,,,31/3/2022 08:48,,,,0.00157836,0.00157836
396,2140,,EN,,,,,,,,,,,tkmk0,,,recmaywDOhsQZgNx5,,,,,,31/3/2022 08:48,,,,0.00157836,0.00157836
397,2152,,EN,,,,,,,,,,,ranger,,,rectQoHEkCpOnGxEJ,,,,,,31/3/2022 08:48,,,,0.00157836,0.00157836
398,2006,,EN,,,,,,,,,,,hujiawei2006,,,recNAinnDl2nC2FKF,,,,,,31/3/2022 08:48,,,,0.00157836,0.00157836
399,2099,,EN,,,,,,,,,,,burak_joy,,,reczyBhhNf3L5J5EV,,,,,,31/3/2022 08:48,,,,0.00157836,0.00157836
400,6032,,EN,,,,,,,,,,,,,,recGqJGcp2aziFYyG,,,,,,31/3/2022 08:48,,,,0.00157836,0.00157836
401,2078,,EN,,,,,,,,,,,iskolota,,,recMoYOPScVwSPRmh,,,,,,31/3/2022 08:48,,,,0.00157836,0.00157836
402,2387,,EN,,,,,,,,,,,antonnodes,,,rec3ThOPcJ1fFe82X,,,,,,31/3/2022 08:48,,,,0.00157836,0.00157836
403,2521,,EN,,,,,,,,,,,zamiksvetlana,,,recWmolyUfogIEUws,,,,,,31/3/2022 08:48,,,,0.00157836,0.00157836
404,2634,,EN,,,,,,,,,,,khanjoy,,,recubYrRp0pEKaRkZ,,,,,,31/3/2022 08:48,,,,0.00157836,0.00157836
405,2785,,EN,,,,,,,,,,,arturz,,,rec5uPOmZXuZuOqgh,,,,,,31/3/2022 08:48,,,,0.00157836,0.00157836
406,1067,,EN,,,,,,,,,,,vsha999,,,recX1fuV6ErmGa36R,,,,,,31/3/2022 08:48,,,,0.00154328,0.00154328
407,3043,,EN,,,,,,,,,,,dydka387,,,recBNTjdtIhRy5REO,,,,,,31/3/2022 08:48,,,,0.00150821,0.00150821
408,570,,EN,,,,,,,,,,,bertco,,,recQu1qwTg991pPGf,,,,,,31/3/2022 08:48,,,,0.00148716,0.00148716
409,1584,,EN,,,,,,,,,,,podorozhnik9,,,recjXylbbaTnr2UPg,,,,,,31/3/2022 08:48,,,,0.00147313,0.00147313
410,1133,,EN,,,,,,,,,,,zmplr,,,rec5JkS9o3PkBFyCG,,,,,,31/3/2022 08:48,,,,0.00147313,0.00147313
411,748,,EN,,,,,,,,,,,yuzhny,,,recfIpM2ApXcUMFev,,,,,,31/3/2022 08:48,,,,0.00147313,0.00147313
412,1319,,EN,,,,,,,,,,,r4keta,,,recN0dJk1pC8qdd4z,,,,,,31/3/2022 08:48,,,,0.00143806,0.00143806
413,1798,,EN,,,,,,,,,,,spivak,,,recpHoqaz1mQ4kVR3,,,,,,31/3/2022 08:48,,,,0.00143806,0.00143806
414,1242,,EN,,,,,,,,,,,inna439,,,rec70J8Tul7SbtctR,,,,,,31/3/2022 08:48,,,,0.00140298,0.00140298
415,1050,,EN,,,,,,,,,,,vladislavbig,,,recyoIugjWlJ4N5BH,,,,,,31/3/2022 08:48,,,,0.00140298,0.00140298
416,761,,EN,,,,,,,,,,,vasyl777,,,recJn19M0ISosIAbQ,,,,,,31/3/2022 08:48,,,,0.00140298,0.00140298
417,1712,,EN,,,,,,,,,,,cryptoalekss,,,recIDKAfhcDCVw2nx,,,,,,31/3/2022 08:48,,,,0.00140298,0.00140298
418,472,,EN,,,,,,,,,,,humantraffic,,,recANzour9w0iv7sh,,,,,,31/3/2022 08:48,,,,0.00140298,0.00140298
419,870,,EN,,,,,,,,,,,rubiroid,,,recmDf9WAT3ZlEd4X,,,,,,31/3/2022 08:48,,,,0.00140298,0.00140298
420,1323,,EN,,,,,,,,,,,kakashi,,,rec9A5CKoMg5W2EdA,,,,,,31/3/2022 08:48,,,,0.00140298,0.00140298
421,2934,,EN,,,,,,,,,,,logocrypt,,,recT3ZhB4nHTpnkBK,,,,,,31/3/2022 08:48,,,,0.00140298,0.00140298
422,3014,,EN,,,,,,,,,,,kesha234,,,recAPBfnQLJI4o616,,,,,,31/3/2022 08:48,,,,0.00140298,0.00140298
423,1544,,EN,,,,,,,,,,,supermax,,,recGVYn0NdrgffAkU,,,,,,31/3/2022 08:48,,,,0.00136791,0.00136791
424,758,,EN,,,,,,,,,,,w0rldwind,,,recZYNLMTGvjQcKWw,,,,,,31/3/2022 08:48,,,,0.00136791,0.00136791
425,703,,EN,,,,,,,,,,,lordaeron,,,recyMP8BmJV1tvoqy,,,,,,31/3/2022 08:48,,,,0.00133283,0.00133283
426,1500,,EN,,,,,,,,,,,zaurhh88,,,recBN8FIJMMKNu3zX,,,,,,31/3/2022 08:48,,,,0.00133283,0.00133283
427,1217,,EN,,,,,,,,,,,rukman05,,,recUgCfUv4KXwlhCH,,,,,,31/3/2022 08:48,,,,0.00133283,0.00133283
428,1001,,EN,,,,,,,,,,,cryptodoc,,,recduO9CloGqKwlys,,,,,,31/3/2022 08:48,,,,0.00133283,0.00133283
429,1755,,EN,,,,,,,,,,,raynel,,,reckh9kmSGyT8zL5E,,,,,,31/3/2022 08:48,,,,0.00133283,0.00133283
430,694,,EN,,,,,,,,,,,megamozg,,,recVGCnTAWfyfAmEQ,,,,,,31/3/2022 08:48,,,,0.00129776,0.00129776
431,2954,,EN,,,,,,,,,,,iryna,,,recFEdyHkNjcon5mA,,,,,,31/3/2022 08:48,,,,0.00129776,0.00129776
432,1582,,EN,,,,,,,,,,,keksich,,,recITsd9PGMkLd2Hi,,,,,,31/3/2022 08:48,,,,0.00126269,0.00126269
433,1757,,EN,,,,,,,,,,,ruzinrf,,,recqN4pWhTQWfbjR1,,,,,,31/3/2022 08:48,,,,0.00126269,0.00126269
434,1515,,EN,,,,,,,,,,,vasilymc,,,recdWVNmHMM3y1jpJ,,,,,,31/3/2022 08:48,,,,0.00126269,0.00126269
435,594,,EN,,,,,,,,,,,kriss,,,reckMaM9LXD5py5Aw,,,,,,31/3/2022 08:48,,,,0.00122761,0.00122761
436,1134,,EN,,,,,,,,,,,amaimon,,,recltCC9IK0Sn7C1Q,,,,,,31/3/2022 08:48,,,,0.00122761,0.00122761
437,784,,EN,,,,,,,,,,,nire1,,,rec6zvE2A0xtTLezk,,,,,,31/3/2022 08:48,,,,0.00122761,0.00122761
438,1602,,EN,,,,,,,,,,,ilnurkhabib,,,recI3b8uHF3Jo6ANF,,,,,,31/3/2022 08:48,,,,0.00122761,0.00122761
439,1491,,EN,,,,,,,,,,,sasha123,,,recYAW8fbnUP4rGp6,,,,,,31/3/2022 08:48,,,,0.00122761,0.00122761
440,2666,,EN,,,,,,,,,,,krashor,,,rec6xY2b9F7FNJwHI,,,,,,31/3/2022 08:48,,,,0.00122761,0.00122761
441,2667,,EN,,,,,,,,,,,alm2c,,,recHFyELUPA5F9j14,,,,,,31/3/2022 08:48,,,,0.00122761,0.00122761
442,2777,,EN,,,,,,,,,,,asobakin,,,rec2EpVgPnpkst2MI,,,,,,31/3/2022 08:48,,,,0.00122761,0.00122761
443,1656,,EN,,,,,,,,,,,jelu2021,,,recNmbcxCKjcZdmYS,,,,,,31/3/2022 08:48,,,,0.00119254,0.00119254
444,903,,EN,,,,,,,,,,,kessbag,,,recekPpSHRb4sazQO,,,,,,31/3/2022 08:48,,,,0.00119254,0.00119254
445,1111,,EN,,,,,,,,,,,amadeusnode,,,recbf2WjakL2i2Xpq,,,,,,31/3/2022 08:48,,,,0.00119254,0.00119254
446,1443,,EN,,,,,,,,,,,marrati,,,recRy5MQj9LixQWVx,,,,,,31/3/2022 08:48,,,,0.00119254,0.00119254
447,1596,,EN,,,,,,,,,,,owlyyy,,,recIgUZM6iV874iER,,,,,,31/3/2022 08:48,,,,0.00119254,0.00119254
448,1560,,EN,,,,,,,,,,,anikol,,,recmZ2cxBC7cYkm92,,,,,,31/3/2022 08:48,,,,0.00115746,0.00115746
449,742,,EN,,,,,,,,,,,cooloneua,,,rec459kt0HbGt1CJ2,,,,,,31/3/2022 08:48,,,,0.00115746,0.00115746
450,622,,EN,,,,,,,,,,,olikos,,,recfdwzwY8tAq4mpf,,,,,,31/3/2022 08:48,,,,0.00115746,0.00115746
451,443,,EN,,,,,,,,,,,pathrock,,,recJxjl7wmmZOReaB,,,,,,31/3/2022 08:48,,,,0.00115746,0.00115746
452,1796,,EN,,,,,,,,,,,ssidorov,,,recJ9kfQXSFc8BDNl,,,,,,31/3/2022 08:48,,,,0.00115746,0.00115746
453,692,,EN,,,,,,,,,,,andypolo,,,recNos8kjYoUMhFk4,,,,,,31/3/2022 08:48,,,,0.00112239,0.00112239
454,1289,,EN,,,,,,,,,,,ragnash,,,recbMkj5uGjC8vxHi,,,,,,31/3/2022 08:48,,,,0.00112239,0.00112239
455,864,,EN,,,,,,,,,,,slimuss,,,recvOa6pBUg4h1HAK,,,,,,31/3/2022 08:48,,,,0.00112239,0.00112239
456,767,,EN,,,,,,,,,,,alexbtc89,,,recSo6xe7EGuHUzdp,,,,,,31/3/2022 08:48,,,,0.00112239,0.00112239
457,1449,,EN,,,,,,,,,,,panac83,,,recHn2AQJXAK0M9OK,,,,,,31/3/2022 08:48,,,,0.00108731,0.00108731
458,1558,,EN,,,,,,,,,,,an_vtor,,,reca1gIEX2keOydG3,,,,,,31/3/2022 08:48,,,,0.00108731,0.00108731
459,1207,,EN,,,,,,,,,,,flomer63,,,rec3ul7AthmVc3sUw,,,,,,31/3/2022 08:48,,,,0.00108731,0.00108731
460,1880,,EN,,,,,,,,,,,kozachukviktor,,,reckQFys16XzLxgo6,,,,,,31/3/2022 08:48,,,,0.00108731,0.00108731
461,990,,EN,,,,,,,,,,,lolajoy,,,reciUeSWGAp8A2OMM,,,,,,31/3/2022 08:48,,,,0.00105224,0.00105224
462,914,,EN,,,,,,,,,,,vladislav,,,recvstmCnwb7g7Haj,,,,,,31/3/2022 08:48,,,,0.00105224,0.00105224
463,1000,,EN,,,,,,,,,,,altfire,,,recWF6fjlARxAQzy7,,,,,,31/3/2022 08:48,,,,0.00105224,0.00105224
464,1481,,EN,,,,,,,,,,,vyacheslavnn,,,recfmXWXkUVfKjnRm,,,,,,31/3/2022 08:48,,,,0.00105224,0.00105224
465,1698,,EN,,,,,,,,,,,lenkononenko,,,recQ0AVptSf7GCgtt,,,,,,31/3/2022 08:48,,,,0.00105224,0.00105224
466,1722,,EN,,,,,,,,,,,skill,,,recnulcRVloLJnuCP,,,,,,31/3/2022 08:48,,,,0.00105224,0.00105224
467,1538,,EN,,,,,,,,,,,boroda,,,recQIKmunykVtNoNd,,,,,,31/3/2022 08:48,,,,0.00105224,0.00105224
468,1257,,EN,,,,,,,,,,,mushmoor13,,,rec2CTjWgtc7txE6U,,,,,,31/3/2022 08:48,,,,0.00105224,0.00105224
469,716,,EN,,,,,,,,,,,hammerfest,,,recLJiv1FUgOYEZ3G,,,,,,31/3/2022 08:48,,,,0.00105224,0.00105224
470,1341,,EN,,,,,,,,,,,lar4ik,,,recWKDQI5JkVGA4pC,,,,,,31/3/2022 08:48,,,,0.00105224,0.00105224
471,717,,EN,,,,,,,,,,,lkkroot,,,rec1Pd0R9O6kgf2Ih,,,,,,31/3/2022 08:48,,,,0.00105224,0.00105224
472,719,,EN,,,,,,,,,,,skkz1,,,reccZN6pIl8orf2Jq,,,,,,31/3/2022 08:48,,,,0.00105224,0.00105224
473,1615,,EN,,,,,,,,,,,kamer9e,,,reczG4jjzj1LyINYT,,,,,,31/3/2022 08:48,,,,0.00105224,0.00105224
474,1450,,EN,,,,,,,,,,,skiletok,,,rec4xCcZgr6LJKrBB,,,,,,31/3/2022 08:48,,,,0.00105224,0.00105224
475,1759,,EN,,,,,,,,,,,echo0x,,,recraGjgfCZrnVDaa,,,,,,31/3/2022 08:48,,,,0.00105224,0.00105224
476,1363,,EN,,,,,,,,,,,simpson,,,recRY6xzsNW63f4Kj,,,,,,31/3/2022 08:48,,,,0.00105224,0.00105224
477,1761,,EN,,,,,,,,,,,dajdart,,,recer4fRsxe7LOfoi,,,,,,31/3/2022 08:48,,,,0.00105224,0.00105224
478,584,,EN,,,,,,,,,,,victormu1,,,rec7G0rDNWv11bTJF,,,,,,31/3/2022 08:48,,,,0.00105224,0.00105224
479,1589,,EN,,,,,,,,,,,bexus,,,rec2CPJV1EF6cnLpi,,,,,,31/3/2022 08:48,,,,0.00105224,0.00105224
480,1275,,EN,,,,,,,,,,,lavandos,,,recJ5Ik8Q0A0JS7jj,,,,,,31/3/2022 08:48,,,,0.00105224,0.00105224
481,1809,,EN,,,,,,,,,,,invi1001,,,recaRKLOhbcmClGhP,,,,,,31/3/2022 08:48,,,,0.00105224,0.00105224
482,1841,,EN,,,,,,,,,,,ondrhe,,,recpEPwzVKr8XazMD,,,,,,31/3/2022 08:48,,,,0.00105224,0.00105224
483,2077,,EN,,,,,,,,,,,deleted,,,recfGe5PrwMCZYXFS,,,,,,31/3/2022 08:48,,,,0.00105224,0.00105224
484,1872,,EN,,,,,,,,,,,m_khusnutdin,,,reczLstWK2yaj7Ful,,,,,,31/3/2022 08:48,,,,0.00105224,0.00105224
485,1993,,EN,,,,,,,,,,,karakal,,,recZckU2h2ulvN9Kr,,,,,,31/3/2022 08:48,,,,0.00105224,0.00105224
486,2003,,EN,,,,,,,,,,,grkos,,,reccJFlq3im1uCUYW,,,,,,31/3/2022 08:48,,,,0.00105224,0.00105224
487,2136,,EN,,,,,,,,,,,joyjoy,,,recvnR2WMg2rEbkfs,,,,,,31/3/2022 08:48,,,,0.00105224,0.00105224
488,2085,,EN,,,,,,,,,,,rythm11,,,recpKgPvKsHWQfwkU,,,,,,31/3/2022 08:48,,,,0.00105224,0.00105224
489,2357,,EN,,,,,,,,,,,alexjoy,,,recjbA7mpmTIeqFkW,,,,,,31/3/2022 08:48,,,,0.00105224,0.00105224
490,2517,,EN,,,,,,,,,,,yaakh,,,recNXV2ptPkQxkYFB,,,,,,31/3/2022 08:48,,,,0.00105224,0.00105224
491,2672,,EN,,,,,,,,,,,nonane,,,reclXFHxC7zmMAen5,,,,,,31/3/2022 08:48,,,,0.00105224,0.00105224
492,2675,,EN,,,,,,,,,,,youngeagle,,,recJ9HsDYzk3vgfkr,,,,,,31/3/2022 08:48,,,,0.00105224,0.00105224
493,2899,,EN,,,,,,,,,,,ilyans,,,recVUzDiYoaLJO60g,,,,,,31/3/2022 08:48,,,,0.00105224,0.00105224
494,2948,,EN,,,,,,,,,,,yrslvbrds,,,recwqJq3M4RqlIck9,,,,,,31/3/2022 08:48,,,,0.00105224,0.00105224
495,2879,,EN,,,,,,,,,,,pretender,,,recACtvkPwFWCiF8M,,,,,,31/3/2022 08:48,,,,0.00105224,0.00105224
496,2906,,EN,,,,,,,,,,,whitebarbie,,,recbp5DScm7Ra7E4b,,,,,,31/3/2022 08:48,,,,0.00105224,0.00105224
497,2913,,EN,,,,,,,,,,,v4leo,,,rec716syrE4YqWxe2,,,,,,31/3/2022 08:48,,,,0.00105224,0.00105224
498,2966,,EN,,,,,,,,,,,avocoinick,,,recSb5ssKDwgR2Sb8,,,,,,31/3/2022 08:48,,,,0.00105224,0.00105224
499,2733,,EN,,,,,,,,,,,vodyk,,,recgvsX7Phx0H5nEK,,,,,,31/3/2022 08:48,,,,0.00105224,0.00105224
500,2789,,EN,,,,,,,,,,,m4_n1,,,recCAKWGAejE7CK6X,,,,,,31/3/2022 08:48,,,,0.00105224,0.00105224
501,2829,,EN,,,,,,,,,,,vg0882joy,,,recj8rh6uBGd5br9J,,,,,,31/3/2022 08:48,,,,0.00105224,0.00105224
502,2884,,EN,,,,,,,,,,,vetalgso,,,rec706HSnk05ElNmT,,,,,,31/3/2022 08:48,,,,0.00105224,0.00105224
503,2885,,EN,,,,,,,,,,,enzewon,,,recSRWQYCPzaoXLIV,,,,,,31/3/2022 08:48,,,,0.00105224,0.00105224
504,1647,,EN,,,,,,,,,,,223322,,,recQXGIOMmvNIKyns,,,,,,31/3/2022 08:48,,,,0.00101716,0.00101716
505,1446,,EN,,,,,,,,,,,egorba,,,recgTYcokhwAR3sl6,,,,,,31/3/2022 08:48,,,,0.00098209,0.00098209
506,989,,EN,,,,,,,,,,,leshafilat0v,,,recMWSXqVHuQmY90J,,,,,,31/3/2022 08:48,,,,0.00098209,0.00098209
507,1228,,EN,,,,,,,,,,,dimakya,,,rec6DpGeWzrEzzIUA,,,,,,31/3/2022 08:48,,,,0.00098209,0.00098209
508,947,,EN,,,,,,,,,,,schenmue,,,recmpPoIRJsGYO7Yx,,,,,,31/3/2022 08:48,,,,0.00098209,0.00098209
509,1734,,EN,,,,,,,,,,,jheleznoff,,,rec3ri7NOTlLSmno8,,,,,,31/3/2022 08:48,,,,0.00098209,0.00098209
510,1577,,EN,,,,,,,,,,,perkele,,,rec5qV5obCPALJhqt,,,,,,31/3/2022 08:48,,,,0.00095403,0.00095403
511,1570,,EN,,,,,,,,,,,mrzeus,,,reczN6XwVLf3PJNdB,,,,,,31/3/2022 08:48,,,,0.00094701,0.00094701
512,713,,EN,,,,,,,,,,,win67,,,reca2TdTP8BmA14ka,,,,,,31/3/2022 08:48,,,,0.00094701,0.00094701
513,1883,,EN,,,,,,,,,,,decaf,,,recDNO48ZqSF6AKux,,,,,,31/3/2022 08:48,,,,0.00094701,0.00094701
514,2925,,EN,,,,,,,,,,,testjoystream,,,recYYrxtGTNe6n3DA,,,,,,31/3/2022 08:48,,,,0.00094701,0.00094701
515,817,,EN,,,,,,,,,,,brubic,,,recDD1za6Z0nIbxEd,,,,,,31/3/2022 08:48,,,,0.00091194,0.00091194
516,881,,EN,,,,,,,,,,,homocryptos,,,recP9khE9cWQTLcTr,,,,,,31/3/2022 08:48,,,,0.00091194,0.00091194
517,1597,,EN,,,,,,,,,,,monohydrate,,,recTVdMTGGw7agzwn,,,,,,31/3/2022 08:48,,,,0.00091194,0.00091194
518,927,,EN,,,,,,,,,,,paraniok96,,,recolSNKqGVyF9AGg,,,,,,31/3/2022 08:48,,,,0.00091194,0.00091194
519,1416,,EN,,,,,,,,,,,karpiyksi,,,recmlemmxHCMJ2kEl,,,,,,31/3/2022 08:48,,,,0.00087686,0.00087686
520,1496,,EN,,,,,,,,,,,dencrew,,,recSFGRlkbNP8ffRx,,,,,,31/3/2022 08:48,,,,0.00087686,0.00087686
521,1314,,EN,,,,,,,,,,,mihey,,,recaOyiEABa8yx1us,,,,,,31/3/2022 08:48,,,,0.00087686,0.00087686
522,1292,,EN,,,,,,,,,,,maxfoton,,,recgB9vBhJQoZtq7W,,,,,,31/3/2022 08:48,,,,0.00087686,0.00087686
523,3082,,EN,,,,,,,,,,,abramaria_,,,recaCLXaiU9aQsPzZ,,,,,,31/3/2022 08:48,,,,0.00087686,0.00087686
524,581,,EN,,,,,,,,,,,bulkad,,,recWpaunkiyFBlexE,,,,,,31/3/2022 08:48,,,,0.00084179,0.00084179
525,1079,,EN,,,,,,,,,,,klaus1771,,,recgTfunOfaQscdBA,,,,,,31/3/2022 08:48,,,,0.00084179,0.00084179
526,1254,,EN,,,,,,,,,,,pchela_tr,,,recczrXL6TduOo6wW,,,,,,31/3/2022 08:48,,,,0.00084179,0.00084179
527,789,,EN,,,,,,,,,,,kiryahs,,,rec5zJiWnDPE6dHct,,,,,,31/3/2022 08:48,,,,0.00084179,0.00084179
528,1645,,EN,,,,,,,,,,,medpex,,,recPao0pyjqBo9eRL,,,,,,31/3/2022 08:48,,,,0.00084179,0.00084179
529,1052,,EN,,,,,,,,,,,bronson,,,rectAEgywq2jcqOse,,,,,,31/3/2022 08:48,,,,0.00084179,0.00084179
530,1113,,EN,,,,,,,,,,,x100crypto,,,rec9PHRkUx3nklybS,,,,,,31/3/2022 08:48,,,,0.00084179,0.00084179
531,554,,EN,,,,,,,,,,,ixample,,,rec0IjOfrNgjwNWZx,,,,,,31/3/2022 08:48,,,,0.00080672,0.00080672
532,1028,,EN,,,,,,,,,,,necronomicon_joystream,,,recI2glRBMaNSdGqP,,,,,,31/3/2022 08:48,,,,0.00077164,0.00077164
533,904,,EN,,,,,,,,,,,dtinvestor,,,rech8ZVZQDwyuocIs,,,,,,31/3/2022 08:48,,,,0.00077164,0.00077164
534,1641,,EN,,,,,,,,,,,epoks31vrn,,,rec3OuLhTZr1bLSMM,,,,,,31/3/2022 08:48,,,,0.00073657,0.00073657
535,714,,EN,,,,,,,,,,,davaymne,,,recoAXTUiDrPvLzoe,,,,,,31/3/2022 08:48,,,,0.00070149,0.00070149
536,1003,,EN,,,,,,,,,,,sercan,,,rec4zJqm89oXDKJAB,,,,,,31/3/2022 08:48,,,,0.00070149,0.00070149
537,971,,EN,,,,,,,,,,,indipanda,,,recdT6t1QItnXjw5e,,,,,,31/3/2022 08:48,,,,0.00070149,0.00070149
538,1078,,EN,,,,,,,,,,,cli0x21,,,recDgd041EJNVAsDF,,,,,,31/3/2022 08:48,,,,0.00070149,0.00070149
539,1687,,EN,,,,,,,,,,,nocritics,,,reciD5t6phvPdQot2,,,,,,31/3/2022 08:48,,,,0.00070149,0.00070149
540,1244,,EN,,,,,,,,,,,cyberomanov,,,reckgAZGGKjqEhJOL,,,,,,31/3/2022 08:48,,,,0.00070149,0.00070149
541,1592,,EN,,,,,,,,,,,serkin,,,recYyOeOJwDhNwNuT,,,,,,31/3/2022 08:48,,,,0.00070149,0.00070149
542,1744,,EN,,,,,,,,,,,pokimon,,,recLIOw8DQTEXCbyC,,,,,,31/3/2022 08:48,,,,0.00070149,0.00070149
543,1730,,EN,,,,,,,,,,,salsamen1,,,recCThe1Ox7AwlgwW,,,,,,31/3/2022 08:48,,,,0.00070149,0.00070149
544,1198,,EN,,,,,,,,,,,troix,,,recTmdDUn4Ff1mbWS,,,,,,31/3/2022 08:48,,,,0.00070149,0.00070149
545,1513,,EN,,,,,,,,,,,goforever,,,rectfQ4Q5r8LiaFLw,,,,,,31/3/2022 08:48,,,,0.00070149,0.00070149
546,547,,EN,,,,,,,,,,,nolispui,,,recahErbhQ3BbGkDr,,,,,,31/3/2022 08:48,,,,0.00070149,0.00070149
547,2126,,EN,,,,,,,,,,,axil1,,,recGxIIab4YIz0Zac,,,,,,31/3/2022 08:48,,,,0.00070149,0.00070149
548,2230,,EN,,,,,,,,,,,gaffer,,,recyRXYyCdyIGKXFW,,,,,,31/3/2022 08:48,,,,0.00070149,0.00070149
549,3336,,EN,,,,,,,,,,,songoku,,,rec5FcbNON4B5EWkP,,,,,,31/3/2022 08:48,,,,0.00070149,0.00070149
550,1530,,EN,,,,,,,,,,,maxpain,,,rec4spSZ2VaUZUPcs,,,,,,31/3/2022 08:48,,,,0.00066642,0.00066642
551,889,,EN,,,,,,,,,,,artem,,,rec3rW3kUStjCCrWb,,,,,,31/3/2022 08:48,,,,0.00066642,0.00066642
552,1406,,EN,,,,,,,,,,,nakurysh,,,rec8wGvrsLSqyTuJF,,,,,,31/3/2022 08:48,,,,0.00063134,0.00063134
553,1620,,EN,,,,,,,,,,,ej_ne_vinovat771,,,rec0zOwQsyJd7WF6K,,,,,,31/3/2022 08:48,,,,0.00063134,0.00063134
554,1054,,EN,,,,,,,,,,,barinov7,,,reckqZk02fTgflRHl,,,,,,31/3/2022 08:48,,,,0.00063134,0.00063134
555,1177,,EN,,,,,,,,,,,misha256nya,,,recBgKRvE8AiprMA6,,,,,,31/3/2022 08:48,,,,0.00063134,0.00063134
556,702,,EN,,,,,,,,,,,unique,,,recCoytpMmTji6JZR,,,,,,31/3/2022 08:48,,,,0.00063134,0.00063134
557,1551,,EN,,,,,,,,,,,your_life,,,recrA9sRECGV4aZw4,,,,,,31/3/2022 08:48,,,,0.00063134,0.00063134
558,969,,EN,,,,,,,,,,,jstrem1,,,recLikrWJRhTCN5wH,,,,,,31/3/2022 08:48,,,,0.00063134,0.00063134
559,1550,,EN,,,,,,,,,,,slasher,,,recyhJiAXwcMEVQnM,,,,,,31/3/2022 08:48,,,,0.00063134,0.00063134
560,1183,,EN,,,,,,,,,,,minilim,,,reczD31DwgeHQPiJM,,,,,,31/3/2022 08:48,,,,0.00063134,0.00063134
561,638,,EN,,,,,,,,,,,bocryp,,,recghfrAhtS1WXtPI,,,,,,31/3/2022 08:48,,,,0.00063134,0.00063134
562,2013,,EN,,,,,,,,,,,rostic_official,,,rec2e0S2NWOGdwWFx,,,,,,31/3/2022 08:48,,,,0.00063134,0.00063134
563,2834,,EN,,,,,,,,,,,monkytolky,,,recM02cv6JXD5dz26,,,,,,31/3/2022 08:48,,,,0.00063134,0.00063134
564,1006,,EN,,,,,,,,,,,romapro,,,recNqUT01oEVkO2QJ,,,,,,31/3/2022 08:48,,,,0.00059627,0.00059627
565,796,,EN,,,,,,,,,,,r0uch,,,rec6CHYbRFSC96VyT,,,,,,31/3/2022 08:48,,,,0.00059627,0.00059627
566,1618,,EN,,,,,,,,,,,bitgal94,,,rectORufSck77I6ym,,,,,,31/3/2022 08:48,,,,0.00059627,0.00059627
567,1758,,EN,,,,,,,,,,,sport,,,recGGVXK6ZmlBbvFg,,,,,,31/3/2022 08:48,,,,0.00059627,0.00059627
568,771,,EN,,,,,,,,,,,donromero,,,recHIhMWlbxwtIpyi,,,,,,31/3/2022 08:48,,,,0.00059627,0.00059627
569,1791,,EN,,,,,,,,,,,olegjoy_21,,,recY2qwL5J1ISgxW3,,,,,,31/3/2022 08:48,,,,0.00059627,0.00059627
570,2019,,EN,,,,,,,,,,,pineapple,,,recWsZYIfPdzXaYYk,,,,,,31/3/2022 08:48,,,,0.00059627,0.00059627
571,2109,,EN,,,,,,,,,,,masteel,,,recGSbdbO1fTT7Fsr,,,,,,31/3/2022 08:48,,,,0.00059627,0.00059627
572,2912,,EN,,,,,,,,,,,madness,,,recExUjLPGyacHtG8,,,,,,31/3/2022 08:48,,,,0.00059627,0.00059627
573,1114,,EN,,,,,,,,,,,eqquleusjoy,,,recxPRSr1nbzeeU2z,,,,,,31/3/2022 08:48,,,,0.00056119,0.00056119
574,1162,,EN,,,,,,,,,,,rivijskiy,,,recoh5CEa8y9on3Ci,,,,,,31/3/2022 08:48,,,,0.00056119,0.00056119
575,1533,,EN,,,,,,,,,,,alena,,,recFuxVmRAWztP16p,,,,,,31/3/2022 08:48,,,,0.00056119,0.00056119
576,1166,,EN,,,,,,,,,,,giksik,,,recZCexps7f4vkBVy,,,,,,31/3/2022 08:48,,,,0.00056119,0.00056119
577,849,,EN,,,,,,,,,,,verter,,,recrQVGPlDPMETl2l,,,,,,31/3/2022 08:48,,,,0.00056119,0.00056119
578,1591,,EN,,,,,,,,,,,sstone,,,recU5oKPLklDnyEAG,,,,,,31/3/2022 08:48,,,,0.00052612,0.00052612
579,1580,,EN,,,,,,,,,,,maxkos94,,,rec7H4GyO7gY5kLmN,,,,,,31/3/2022 08:48,,,,0.00052612,0.00052612
580,913,,EN,,,,,,,,,,,koter,,,recncH1bxAKKByWHV,,,,,,31/3/2022 08:48,,,,0.00052612,0.00052612
581,1594,,EN,,,,,,,,,,,denishke7,,,recLIIriTRaDPuW6X,,,,,,31/3/2022 08:48,,,,0.00052612,0.00052612
582,1595,,EN,,,,,,,,,,,banderas_member,,,recNnA2fKSPbLlAQU,,,,,,31/3/2022 08:48,,,,0.00052612,0.00052612
583,966,,EN,,,,,,,,,,,mrbright,,,recaJCNrDarXFqMfc,,,,,,31/3/2022 08:48,,,,0.00052612,0.00052612
584,1593,,EN,,,,,,,,,,,neos_vrn_joy,,,rec3fd5TfmRhWy87V,,,,,,31/3/2022 08:48,,,,0.00052612,0.00052612
585,1609,,EN,,,,,,,,,,,crewcabanger,,,recFi4cIk0vbvDB93,,,,,,31/3/2022 08:48,,,,0.00052612,0.00052612
586,1662,,EN,,,,,,,,,,,evgeny1,,,recvbEKzJAtDX5exA,,,,,,31/3/2022 08:48,,,,0.00052612,0.00052612
587,1667,,EN,,,,,,,,,,,scrooge,,,recD3e2jBEUlxlnjG,,,,,,31/3/2022 08:48,,,,0.00052612,0.00052612
588,660,,EN,,,,,,,,,,,streamer_v,,,rec0hQXpAV5OdzQFJ,,,,,,31/3/2022 08:48,,,,0.00052612,0.00052612
589,1669,,EN,,,,,,,,,,,kamil_damirov777,,,rec5QOy23fPpz0R5l,,,,,,31/3/2022 08:48,,,,0.00052612,0.00052612
590,1315,,EN,,,,,,,,,,,kerknn,,,recgpVk4bsYEhwNPV,,,,,,31/3/2022 08:48,,,,0.00052612,0.00052612
591,912,,EN,,,,,,,,,,,bulver,,,reclcpzSYCZq9LI8r,,,,,,31/3/2022 08:48,,,,0.00052612,0.00052612
592,1411,,EN,,,,,,,,,,,a_sysoev,,,recN6EmZMf5MBFr7c,,,,,,31/3/2022 08:48,,,,0.00052612,0.00052612
593,1413,,EN,,,,,,,,,,,beton_krsk,,,recLJU4uKmEmkgCEI,,,,,,31/3/2022 08:48,,,,0.00052612,0.00052612
594,1643,,EN,,,,,,,,,,,ayzecazimovvrnnode,,,rectVSalQxt6y27wj,,,,,,31/3/2022 08:48,,,,0.00052612,0.00052612
595,1678,,EN,,,,,,,,,,,rkgupta,,,recOR2Cojdfu8QNnQ,,,,,,31/3/2022 08:48,,,,0.00052612,0.00052612
596,1674,,EN,,,,,,,,,,,anjuu,,,recuEP7lP0JJLCa6u,,,,,,31/3/2022 08:48,,,,0.00052612,0.00052612
597,1677,,EN,,,,,,,,,,,kanuu,,,rec558nJQJRhJEmiQ,,,,,,31/3/2022 08:48,,,,0.00052612,0.00052612
598,1675,,EN,,,,,,,,,,,diksha,,,recHuzfrUZtOlJAWY,,,,,,31/3/2022 08:48,,,,0.00052612,0.00052612
599,1680,,EN,,,,,,,,,,,rajuuu,,,rec2zxcYX3xtfnwG8,,,,,,31/3/2022 08:48,,,,0.00052612,0.00052612
600,1684,,EN,,,,,,,,,,,wolfedgecapital,,,recqUDooT8hNhyJAF,,,,,,31/3/2022 08:48,,,,0.00052612,0.00052612
601,1683,,EN,,,,,,,,,,,vivekg,,,rec0ZgpcB7OAgjh9B,,,,,,31/3/2022 08:48,,,,0.00052612,0.00052612
602,1280,,EN,,,,,,,,,,,tothemask,,,reccw5e84qDpQTWxS,,,,,,31/3/2022 08:48,,,,0.00052612,0.00052612
603,1367,,EN,,,,,,,,,,,ogbudaplatina,,,recvP1Ad0Ox3WQitv,,,,,,31/3/2022 08:48,,,,0.00052612,0.00052612
604,1312,,EN,,,,,,,,,,,rvalidator2,,,reco4IzTC9t3LMz8w,,,,,,31/3/2022 08:48,,,,0.00052612,0.00052612
605,1644,,EN,,,,,,,,,,,xopxe,,,recUEKh0l3vAP8afm,,,,,,31/3/2022 08:48,,,,0.00052612,0.00052612
606,1639,,EN,,,,,,,,,,,unnamedlrs,,,recDpnkKGbpa3dPzK,,,,,,31/3/2022 08:48,,,,0.00052612,0.00052612
607,1703,,EN,,,,,,,,,,,danil_0052,,,rec13kFa2zc6eFAKs,,,,,,31/3/2022 08:48,,,,0.00052612,0.00052612
608,560,,EN,,,,,,,,,,,dimaro,,,reclvstIyCYIZrIDZ,,,,,,31/3/2022 08:48,,,,0.00052612,0.00052612
609,562,,EN,,,,,,,,,,,yesfilippova_01staking,,,recBxDLJbzvnmJyfi,,,,,,31/3/2022 08:48,,,,0.00052612,0.00052612
610,1709,,EN,,,,,,,,,,,alexnic,,,recXTDaJXadGFUnud,,,,,,31/3/2022 08:48,,,,0.00052612,0.00052612
611,1624,,EN,,,,,,,,,,,swkr03,,,recqpKdSGzqEzqBnm,,,,,,31/3/2022 08:48,,,,0.00052612,0.00052612
612,1140,,EN,,,,,,,,,,,sofiool,,,recN1rVPyfi7YgboU,,,,,,31/3/2022 08:48,,,,0.00052612,0.00052612
613,1151,,EN,,,,,,,,,,,slavit,,,recytBVZyKBcRqkup,,,,,,31/3/2022 08:48,,,,0.00052612,0.00052612
614,1153,,EN,,,,,,,,,,,thairdy,,,reco19x4VWPqT4hL2,,,,,,31/3/2022 08:48,,,,0.00052612,0.00052612
615,906,,EN,,,,,,,,,,,ptinvestor,,,recr5017JRizZa0d7,,,,,,31/3/2022 08:48,,,,0.00052612,0.00052612
616,1165,,EN,,,,,,,,,,,micknick,,,recC63tOKmbkAIMws,,,,,,31/3/2022 08:48,,,,0.00052612,0.00052612
617,1715,,EN,,,,,,,,,,,kot1kmeow,,,recX3Jm2M4THh5ODe,,,,,,31/3/2022 08:48,,,,0.00052612,0.00052612
618,835,,EN,,,,,,,,,,,amrit,,,recgZkHolSaRlqGCo,,,,,,31/3/2022 08:48,,,,0.00052612,0.00052612
619,1106,,EN,,,,,,,,,,,prk_zadov,,,rec9MewsuWRsPz8lj,,,,,,31/3/2022 08:48,,,,0.00052612,0.00052612
620,1194,,EN,,,,,,,,,,,dmit38rus,,,rec7ny2xPqOFX0Mkh,,,,,,31/3/2022 08:48,,,,0.00052612,0.00052612
621,1532,,EN,,,,,,,,,,,ksubro,,,rec8SMRM36jYwNwYX,,,,,,31/3/2022 08:48,,,,0.00052612,0.00052612
622,1531,,EN,,,,,,,,,,,old77,,,recJDjbz6IhE1deCh,,,,,,31/3/2022 08:48,,,,0.00052612,0.00052612
623,1711,,EN,,,,,,,,,,,aliefaisala,,,recuc5Gk29D8A4rBe,,,,,,31/3/2022 08:48,,,,0.00052612,0.00052612
624,1010,,EN,,,,,,,,,,,serega,,,recLRT514bpVtMORe,,,,,,31/3/2022 08:48,,,,0.00052612,0.00052612
625,601,,EN,,,,,,,,,,,sapfear,,,recTwJomUfQ9GmDnQ,,,,,,31/3/2022 08:48,,,,0.00052612,0.00052612
626,1733,,EN,,,,,,,,,,,gines1,,,recLCV09JWmB1XtjL,,,,,,31/3/2022 08:48,,,,0.00052612,0.00052612
627,1178,,EN,,,,,,,,,,,donycoboo,,,reca9ZWIc7l61SGMS,,,,,,31/3/2022 08:48,,,,0.00052612,0.00052612
628,1727,,EN,,,,,,,,,,,liuhua,,,rectaXr8mLap6srkR,,,,,,31/3/2022 08:48,,,,0.00052612,0.00052612
629,1631,,EN,,,,,,,,,,,vital,,,reccLBRQ4jvo8Qk2s,,,,,,31/3/2022 08:48,,,,0.00052612,0.00052612
630,637,,EN,,,,,,,,,,,almaz,,,reciIa8KNCcZMY6o3,,,,,,31/3/2022 08:48,,,,0.00052612,0.00052612
631,955,,EN,,,,,,,,,,,foyef3,,,recbIzv6RXPzKTZZs,,,,,,31/3/2022 08:48,,,,0.00052612,0.00052612
632,1385,,EN,,,,,,,,,,,elenabot666,,,reciZt2CjJcvptRur,,,,,,31/3/2022 08:48,,,,0.00052612,0.00052612
633,1386,,EN,,,,,,,,,,,bnv260670,,,recJxkCk6oc2yZEgR,,,,,,31/3/2022 08:48,,,,0.00052612,0.00052612
634,1634,,EN,,,,,,,,,,,mamahuana,,,reckUZqn6ZG3s6yXZ,,,,,,31/3/2022 08:48,,,,0.00052612,0.00052612
635,1525,,EN,,,,,,,,,,,akraychinskiy,,,recVdXaQYdED1bMk2,,,,,,31/3/2022 08:48,,,,0.00052612,0.00052612
636,1627,,EN,,,,,,,,,,,dimukin,,,recnPst0mP7pui1Ye,,,,,,31/3/2022 08:48,,,,0.00052612,0.00052612
637,1522,,EN,,,,,,,,,,,pal1991,,,rec8phWBKF9yryA6d,,,,,,31/3/2022 08:48,,,,0.00052612,0.00052612
638,724,,EN,,,,,,,,,,,djuseppe,,,rec8tQYCoKpKIsbLF,,,,,,31/3/2022 08:48,,,,0.00052612,0.00052612
639,1238,,EN,,,,,,,,,,,rocket1,,,recye5BoKflgax8YH,,,,,,31/3/2022 08:48,,,,0.00052612,0.00052612
640,1575,,EN,,,,,,,,,,,marchek_111,,,recXlVRu6RdcFzrTB,,,,,,31/3/2022 08:48,,,,0.00052612,0.00052612
641,1653,,EN,,,,,,,,,,,ruslan_102,,,recNavEIsnYng7xl8,,,,,,31/3/2022 08:48,,,,0.00052612,0.00052612
642,1697,,EN,,,,,,,,,,,1stiv,,,reczkLPWOiDHUfByW,,,,,,31/3/2022 08:48,,,,0.00052612,0.00052612
643,1633,,EN,,,,,,,,,,,joistas,,,rechFGgXSOtseDy4M,,,,,,31/3/2022 08:48,,,,0.00052612,0.00052612
644,1338,,EN,,,,,,,,,,,lar4ina,,,recgrA2TdlZzcYOka,,,,,,31/3/2022 08:48,,,,0.00052612,0.00052612
645,718,,EN,,,,,,,,,,,rewind,,,recdm6PijV4g2hdQ7,,,,,,31/3/2022 08:48,,,,0.00052612,0.00052612
646,715,,EN,,,,,,,,,,,winterhome,,,recmoRneW8HpIKfIA,,,,,,31/3/2022 08:48,,,,0.00052612,0.00052612
647,1377,,EN,,,,,,,,,,,gallar,,,recs6rGnOaWDbpoTR,,,,,,31/3/2022 08:48,,,,0.00052612,0.00052612
648,1751,,EN,,,,,,,,,,,trinity,,,rec0EcMykhrbNprmV,,,,,,31/3/2022 08:48,,,,0.00052612,0.00052612
649,958,,EN,,,,,,,,,,,whitejobe,,,rectPFHnfSQ8ehhwF,,,,,,31/3/2022 08:48,,,,0.00052612,0.00052612
650,1649,,EN,,,,,,,,,,,mike_er,,,rec0B2c5cK5fUMFq0,,,,,,31/3/2022 08:48,,,,0.00052612,0.00052612
651,1384,,EN,,,,,,,,,,,serglar,,,recRPsUCoGW8MWTVE,,,,,,31/3/2022 08:48,,,,0.00052612,0.00052612
652,1614,,EN,,,,,,,,,,,yurii,,,recBRQoHHnHGiBu82,,,,,,31/3/2022 08:48,,,,0.00052612,0.00052612
653,1671,,EN,,,,,,,,,,,shiks,,,recOlGTkBlzvKkBNQ,,,,,,31/3/2022 08:48,,,,0.00052612,0.00052612
654,1393,,EN,,,,,,,,,,,zborma,,,recuwMkCbS61QG5cs,,,,,,31/3/2022 08:48,,,,0.00052612,0.00052612
655,1062,,EN,,,,,,,,,,,john88,,,recFmMkHk7MAbx0TT,,,,,,31/3/2022 08:48,,,,0.00052612,0.00052612
656,1621,,EN,,,,,,,,,,,gp_36,,,recT1YVoMenuGT7xZ,,,,,,31/3/2022 08:48,,,,0.00052612,0.00052612
657,1373,,EN,,,,,,,,,,,bircpec,,,recZPFzgPkiWht6HR,,,,,,31/3/2022 08:48,,,,0.00052612,0.00052612
658,1382,,EN,,,,,,,,,,,radolesiya,,,rec4ONUkIyEsF2nE9,,,,,,31/3/2022 08:48,,,,0.00052612,0.00052612
659,1380,,EN,,,,,,,,,,,turmargrita,,,recF1Pjg6zzSiOM1W,,,,,,31/3/2022 08:48,,,,0.00052612,0.00052612
660,1403,,EN,,,,,,,,,,,creeptodrops,,,recdAfwT4ifspWJzd,,,,,,31/3/2022 08:48,,,,0.00052612,0.00052612
661,788,,EN,,,,,,,,,,,labrodog,,,recnbKRWdEYeHYJRI,,,,,,31/3/2022 08:48,,,,0.00052612,0.00052612
662,1390,,EN,,,,,,,,,,,turlenalex,,,rechJJe5EKOy6uFEY,,,,,,31/3/2022 08:48,,,,0.00052612,0.00052612
663,924,,EN,,,,,,,,,,,alex_r,,,rec8PWu3z3nm24eHp,,,,,,31/3/2022 08:48,,,,0.00052612,0.00052612
664,1258,,EN,,,,,,,,,,,maks55,,,recpsAuQpXFDA0lxo,,,,,,31/3/2022 08:48,,,,0.00052612,0.00052612
665,1278,,EN,,,,,,,,,,,suren,,,recTMpVNcABfMfANA,,,,,,31/3/2022 08:48,,,,0.00052612,0.00052612
666,1038,,EN,,,,,,,,,,,crowes,,,recDCaqz37oaKsryN,,,,,,31/3/2022 08:48,,,,0.00052612,0.00052612
667,1069,,EN,,,,,,,,,,,ghndl,,,recW1C1WG8fyJ67ux,,,,,,31/3/2022 08:48,,,,0.00052612,0.00052612
668,1648,,EN,,,,,,,,,,,simpleone,,,recCtVuRsP51YmAyT,,,,,,31/3/2022 08:48,,,,0.00052612,0.00052612
669,1565,,EN,,,,,,,,,,,millenio,,,recO3raxkkz2x6P60,,,,,,31/3/2022 08:48,,,,0.00052612,0.00052612
670,1095,,EN,,,,,,,,,,,unclemining,,,rec8wM7hSUUR6r8G1,,,,,,31/3/2022 08:48,,,,0.00052612,0.00052612
671,1723,,EN,,,,,,,,,,,galpavl,,,rec5Wv9AQfHz1bQAl,,,,,,31/3/2022 08:48,,,,0.00052612,0.00052612
672,1654,,EN,,,,,,,,,,,olga2021,,,rec76E4S1oazVrWuf,,,,,,31/3/2022 08:48,,,,0.00052612,0.00052612
673,1657,,EN,,,,,,,,,,,zaynanse,,,rec7T2zOmQZxHZp9j,,,,,,31/3/2022 08:48,,,,0.00052612,0.00052612
674,1658,,EN,,,,,,,,,,,rellieua,,,recwYgBJcd0dNIJmD,,,,,,31/3/2022 08:48,,,,0.00052612,0.00052612
675,1265,,EN,,,,,,,,,,,angelheart,,,recNRaMaCjDgCKKSY,,,,,,31/3/2022 08:48,,,,0.00052612,0.00052612
676,682,,EN,,,,,,,,,,,karas,,,recbOzx1nCm4EVuKf,,,,,,31/3/2022 08:48,,,,0.00052612,0.00052612
677,551,,EN,,,,,,,,,,,2021kdb,,,recVBXl7Gnsep3kx7,,,,,,31/3/2022 08:48,,,,0.00052612,0.00052612
678,1753,,EN,,,,,,,,,,,cryptoleo2,,,rec6GcRNISm2t772B,,,,,,31/3/2022 08:48,,,,0.00052612,0.00052612
679,1534,,EN,,,,,,,,,,,spekulant,,,recgXV3uA6d8sCB58,,,,,,31/3/2022 08:48,,,,0.00052612,0.00052612
680,1718,,EN,,,,,,,,,,,octpuss,,,recnHWY0E4kQQFzlM,,,,,,31/3/2022 08:48,,,,0.00052612,0.00052612
681,1725,,EN,,,,,,,,,,,ilyapavl,,,recz7YfzPIsoo1Z16,,,,,,31/3/2022 08:48,,,,0.00052612,0.00052612
682,1670,,EN,,,,,,,,,,,sergundos,,,recCas5kNFzaNYOCW,,,,,,31/3/2022 08:48,,,,0.00052612,0.00052612
683,939,,EN,,,,,,,,,,,nikita,,,recK2dHz4wu1Ikv0k,,,,,,31/3/2022 08:48,,,,0.00052612,0.00052612
684,940,,EN,,,,,,,,,,,arturexe,,,recWjLDcOHvG3Atu8,,,,,,31/3/2022 08:48,,,,0.00052612,0.00052612
685,1542,,EN,,,,,,,,,,,luntaika,,,rec22BgE3zpxWLK5F,,,,,,31/3/2022 08:48,,,,0.00052612,0.00052612
686,1655,,EN,,,,,,,,,,,firemegadoter,,,recVOI5tBe6JXCIBu,,,,,,31/3/2022 08:48,,,,0.00052612,0.00052612
687,1235,,EN,,,,,,,,,,,djfizduy,,,recTPH8pU8Rlaiznu,,,,,,31/3/2022 08:48,,,,0.00052612,0.00052612
688,1745,,EN,,,,,,,,,,,pevst_102,,,recbJHfQpKaN0HVlh,,,,,,31/3/2022 08:48,,,,0.00052612,0.00052612
689,1055,,EN,,,,,,,,,,,alserst,,,recuUpXB2dF7BCz2i,,,,,,31/3/2022 08:48,,,,0.00052612,0.00052612
690,1066,,EN,,,,,,,,,,,axiline,,,recRBS2y2rMn1trG7,,,,,,31/3/2022 08:48,,,,0.00052612,0.00052612
691,1419,,EN,,,,,,,,,,,atrdenis,,,recb8oVHobWykWVPs,,,,,,31/3/2022 08:48,,,,0.00052612,0.00052612
692,792,,EN,,,,,,,,,,,dalex10,,,rec3JeRs1AKRwecQE,,,,,,31/3/2022 08:48,,,,0.00052612,0.00052612
693,1185,,EN,,,,,,,,,,,alex_s1,,,recGnpvVytL7B1SAe,,,,,,31/3/2022 08:48,,,,0.00052612,0.00052612
694,1778,,EN,,,,,,,,,,,hasis,,,recKh7NrsvkJsfMVJ,,,,,,31/3/2022 08:48,,,,0.00052612,0.00052612
695,1906,,EN,,,,,,,,,,,pakobuha,,,recpln3XD6Z8KK2vI,,,,,,31/3/2022 08:48,,,,0.00052612,0.00052612
696,1876,,EN,,,,,,,,,,,werty,,,recAiIbECoWGDwkY0,,,,,,31/3/2022 08:48,,,,0.00052612,0.00052612
697,688,,EN,,,,,,,,,,,stash,,,recV7xHtETqbbuuYh,,,,,,31/3/2022 08:48,,,,0.00052612,0.00052612
698,1901,,EN,,,,,,,,,,,andreweventbubble,,,recN0oubnBeaGYxOk,,,,,,31/3/2022 08:48,,,,0.00052612,0.00052612
699,1888,,EN,,,,,,,,,,,edke2000eventsbubble,,,recfuqaBfmVF0c3Cc,,,,,,31/3/2022 08:48,,,,0.00052612,0.00052612
700,1817,,EN,,,,,,,,,,,banajung,,,recrmv3woJKheNOZR,,,,,,31/3/2022 08:48,,,,0.00052612,0.00052612
701,1838,,EN,,,,,,,,,,,janik,,,recit8Cgw6RkdEchv,,,,,,31/3/2022 08:48,,,,0.00052612,0.00052612
702,1784,,EN,,,,,,,,,,,maxdeze,,,reczjcNjQDPdcHxHP,,,,,,31/3/2022 08:48,,,,0.00052612,0.00052612
703,1212,,EN,,,,,,,,,,,yaroswell,,,reclTcobTvuMEAvpy,,,,,,31/3/2022 08:48,,,,0.00052612,0.00052612
704,1792,,EN,,,,,,,,,,,pionerka,,,recb5yyRVddzk0BE7,,,,,,31/3/2022 08:48,,,,0.00052612,0.00052612
705,1701,,EN,,,,,,,,,,,grigorr,,,recq4gQz0VWcdjBOa,,,,,,31/3/2022 08:48,,,,0.00052612,0.00052612
706,1836,,EN,,,,,,,,,,,peace,,,recaQgpaDLWHulR5F,,,,,,31/3/2022 08:48,,,,0.00052612,0.00052612
707,1932,,EN,,,,,,,,,,,pluto352,,,recgjYcHQHC8ZQKuK,,,,,,31/3/2022 08:48,,,,0.00052612,0.00052612
708,1948,,EN,,,,,,,,,,,hisar888,,,recpgyqHyK2i8Oq1n,,,,,,31/3/2022 08:48,,,,0.00052612,0.00052612
709,1920,,EN,,,,,,,,,,,iegtech,,,recOFmyVLP7Njie9j,,,,,,31/3/2022 08:48,,,,0.00052612,0.00052612
710,1956,,EN,,,,,,,,,,,nagasakislava,,,recLqjtEGrfkAuoHP,,,,,,31/3/2022 08:48,,,,0.00052612,0.00052612
711,1994,,EN,,,,,,,,,,,m00n71ght,,,recT8DYkmGdgsMNlJ,,,,,,31/3/2022 08:48,,,,0.00052612,0.00052612
712,1995,,EN,,,,,,,,,,,sou1shock,,,receXBODmCwnWkLBy,,,,,,31/3/2022 08:48,,,,0.00052612,0.00052612
713,1992,,EN,,,,,,,,,,,pablick,,,recCN1Titd4UVg5mm,,,,,,31/3/2022 08:48,,,,0.00052612,0.00052612
714,2044,,EN,,,,,,,,,,,itdtin,,,recaEVpD8y4g0DDuS,,,,,,31/3/2022 08:48,,,,0.00052612,0.00052612
715,2104,,EN,,,,,,,,,,,dimmix_ua,,,recCQf0gQhGoN3Xye,,,,,,31/3/2022 08:48,,,,0.00052612,0.00052612
716,1991,,EN,,,,,,,,,,,webnuc,,,recI1oljsTANox9rW,,,,,,31/3/2022 08:48,,,,0.00052612,0.00052612
717,2095,,EN,,,,,,,,,,,nobas,,,recbxCVZnnfdcPvRn,,,,,,31/3/2022 08:48,,,,0.00052612,0.00052612
718,2149,,EN,,,,,,,,,,,muravey11,,,rec5G4GYBQwwyP5CR,,,,,,31/3/2022 08:48,,,,0.00052612,0.00052612
719,1988,,EN,,,,,,,,,,,denissinner,,,recNHMuDVslfr3qpP,,,,,,31/3/2022 08:48,,,,0.00052612,0.00052612
720,2157,,EN,,,,,,,,,,,scrooge_md,,,recAAwdI3W3rG5RSr,,,,,,31/3/2022 08:48,,,,0.00052612,0.00052612
721,1827,,EN,,,,,,,,,,,kemosabe,,,rec4VXaoVCHYAMdzS,,,,,,31/3/2022 08:48,,,,0.00052612,0.00052612
722,2181,,EN,,,,,,,,,,,ekvilibro,,,recsG2qVLuhvpUVoR,,,,,,31/3/2022 08:48,,,,0.00052612,0.00052612
723,2125,,EN,,,,,,,,,,,rttvid,,,recH3qfcd3xyeYsrG,,,,,,31/3/2022 08:48,,,,0.00052612,0.00052612
724,2050,,EN,,,,,,,,,,,iluxa85,,,reckbQQiz1Ji37Xip,,,,,,31/3/2022 08:48,,,,0.00052612,0.00052612
725,2115,,EN,,,,,,,,,,,igr8187,,,recQ04XGDeXFMvU6Y,,,,,,31/3/2022 08:48,,,,0.00052612,0.00052612
726,2218,,EN,,,,,,,,,,,joystreamforlife,,,recRkTvIPV44xgHDH,,,,,,31/3/2022 08:48,,,,0.00052612,0.00052612
727,2220,,EN,,,,,,,,,,,ssqka,,,recIPt45XmlXwh5mm,,,,,,31/3/2022 08:48,,,,0.00052612,0.00052612
728,1952,,EN,,,,,,,,,,,bayevs,,,rect25LBFe5CQTFUn,,,,,,31/3/2022 08:48,,,,0.00052612,0.00052612
729,2270,,EN,,,,,,,,,,,vallego555,,,rece0YN6AuIIZyS9j,,,,,,31/3/2022 08:48,,,,0.00052612,0.00052612
730,2321,,EN,,,,,,,,,,,anacondas,,,recAN4Xuzc92yDXqq,,,,,,31/3/2022 08:48,,,,0.00052612,0.00052612
731,2373,,EN,,,,,,,,,,,ld777,,,rec3h6plrIhgauI0W,,,,,,31/3/2022 08:48,,,,0.00052612,0.00052612
732,2395,,EN,,,,,,,,,,,eugenez,,,recff76KoJXI5TSme,,,,,,31/3/2022 08:48,,,,0.00052612,0.00052612
733,2457,,EN,,,,,,,,,,,cbn_ef,,,recAfJmZSHpXOi4mD,,,,,,31/3/2022 08:48,,,,0.00052612,0.00052612
734,2447,,EN,,,,,,,,,,,sniper2k,,,recamAGQfwwP8qMUr,,,,,,31/3/2022 08:48,,,,0.00052612,0.00052612
735,2751,,EN,,,,,,,,,,,shreks,,,recdKMKE1R6JSBt0N,,,,,,31/3/2022 08:48,,,,0.00052612,0.00052612
736,2524,,EN,,,,,,,,,,,conclamatum,,,recpeziCQDYcCMbm4,,,,,,31/3/2022 08:48,,,,0.00052612,0.00052612
737,2547,,EN,,,,,,,,,,,muhametshin1721,,,recDPgCe1zdrMYMpo,,,,,,31/3/2022 08:48,,,,0.00052612,0.00052612
738,2583,,EN,,,,,,,,,,,kent1,,,rectnIdPgnK4flXYs,,,,,,31/3/2022 08:48,,,,0.00052612,0.00052612
739,2573,,EN,,,,,,,,,,,nazarchychuk,,,reca3Vr3gtSzCeQRO,,,,,,31/3/2022 08:48,,,,0.00052612,0.00052612
740,2584,,EN,,,,,,,,,,,yuliatan4yk,,,recQfCdMY3XXh4Iti,,,,,,31/3/2022 08:48,,,,0.00052612,0.00052612
741,2607,,EN,,,,,,,,,,,egorjoy,,,rec3M7XmyroUYI3Ad,,,,,,31/3/2022 08:48,,,,0.00052612,0.00052612
742,2635,,EN,,,,,,,,,,,heify,,,recGOyldh49ZyIgv4,,,,,,31/3/2022 08:48,,,,0.00052612,0.00052612
743,2629,,EN,,,,,,,,,,,miha13,,,reclZ1B2p8ND0zCgH,,,,,,31/3/2022 08:48,,,,0.00052612,0.00052612
744,2742,,EN,,,,,,,,,,,gutt_joy,,,recTcBOEU6F7kMrmG,,,,,,31/3/2022 08:48,,,,0.00052612,0.00052612
745,2748,,EN,,,,,,,,,,,asikjoy,,,rechiO1eAuGZ4hifP,,,,,,31/3/2022 08:48,,,,0.00052612,0.00052612
746,2837,,EN,,,,,,,,,,,logitec,,,recanSjoUiL2U5ugf,,,,,,31/3/2022 08:48,,,,0.00052612,0.00052612
747,2822,,EN,,,,,,,,,,,teslohrad,,,recHmjwW7O2YmkGoi,,,,,,31/3/2022 08:48,,,,0.00052612,0.00052612
748,2832,,EN,,,,,,,,,,,sllouyssgort2,,,recVJGsJJCS1PhtPv,,,,,,31/3/2022 08:48,,,,0.00052612,0.00052612
749,2814,,EN,,,,,,,,,,,axetnord,,,rec88SJUK65bUbOmB,,,,,,31/3/2022 08:48,,,,0.00052612,0.00052612
750,2905,,EN,,,,,,,,,,,nizakat,,,recyRi2fdEVYFggdI,,,,,,31/3/2022 08:48,,,,0.00052612,0.00052612
751,2908,,EN,,,,,,,,,,,x_cryptor,,,recoHqORoFAgagG4Y,,,,,,31/3/2022 08:48,,,,0.00052612,0.00052612
752,2881,,EN,,,,,,,,,,,a1exxo,,,rec5W6OtKILkoRBZy,,,,,,31/3/2022 08:48,,,,0.00052612,0.00052612
753,2974,,EN,,,,,,,,,,,redkandrey,,,recBlQpi9BzN3Teg7,,,,,,31/3/2022 08:48,,,,0.00052612,0.00052612
754,2877,,EN,,,,,,,,,,,mrtw1ster,,,recfD6pN9DEaMfJ4S,,,,,,31/3/2022 08:48,,,,0.00052612,0.00052612
755,2959,,EN,,,,,,,,,,,rzaratuiko,,,rect6OUuBgLCOb2tS,,,,,,31/3/2022 08:48,,,,0.00052612,0.00052612
756,2663,,EN,,,,,,,,,,,mexanik,,,recAb0tY5fJCB7Yni,,,,,,31/3/2022 08:48,,,,0.00052612,0.00052612
757,2932,,EN,,,,,,,,,,,jumper,,,recrmeI2Gk6OCAtaa,,,,,,31/3/2022 08:48,,,,0.00052612,0.00052612
758,2933,,EN,,,,,,,,,,,nodamem,,,recShkDS03ezfH7Y8,,,,,,31/3/2022 08:48,,,,0.00052612,0.00052612
759,2883,,EN,,,,,,,,,,,igorvol2008,,,recBwcVF3UuB2O7LF,,,,,,31/3/2022 08:48,,,,0.00052612,0.00052612
760,2992,,EN,,,,,,,,,,,pro100_4ert,,,recks6O4c5Bmu9CC0,,,,,,31/3/2022 08:48,,,,0.00052612,0.00052612
761,1840,,EN,,,,,,,,,,,liray_unendlich,,,recjiaQem1aE8Z5vh,,,,,,31/3/2022 08:48,,,,0.00052612,0.00052612
762,2953,,EN,,,,,,,,,,,dench7,,,rec657IcaFeVpbD3A,,,,,,31/3/2022 08:48,,,,0.00052612,0.00052612
763,2871,,EN,,,,,,,,,,,bonahunter,,,recFnX43VnG7gQkgT,,,,,,31/3/2022 08:48,,,,0.00052612,0.00052612
764,2606,,EN,,,,,,,,,,,boss4,,,recUToTXYOrnDaMX0,,,,,,31/3/2022 08:48,,,,0.00052612,0.00052612
765,674,,EN,,,,,,,,,,,fabula1,,,recFPwmS8ZULxYohj,,,,,,31/3/2022 08:48,,,,0.00049104,0.00049104
766,981,,EN,,,,,,,,,,,vladika,,,rec5QohZ8Tdx3CCC5,,,,,,31/3/2022 08:48,,,,0.00049104,0.00049104
767,1399,,EN,,,,,,,,,,,moondan,,,rec5hB7NRGafOZmJ0,,,,,,31/3/2022 08:48,,,,0.00049104,0.00049104
768,2779,,EN,,,,,,,,,,,vtalanister,,,recLwtMOjdNfmQ61v,,,,,,31/3/2022 08:48,,,,0.00049104,0.00049104
769,728,,EN,,,,,,,,,,,k_damiroff777,,,recMWUVUOYR3JkXHm,,,,,,31/3/2022 08:48,,,,0.00045597,0.00045597
770,1638,,EN,,,,,,,,,,,mknode,,,recis7zGN3xC8YC8C,,,,,,31/3/2022 08:48,,,,0.00045597,0.00045597
771,1556,,EN,,,,,,,,,,,gusha,,,recp2x1DNk3wPjnsA,,,,,,31/3/2022 08:48,,,,0.00042090,0.00042090
772,1071,,EN,,,,,,,,,,,pilapila66836,,,rec94bXaYf1Xcr9Pd,,,,,,31/3/2022 08:48,,,,0.00042090,0.00042090
773,1191,,EN,,,,,,,,,,,krasnima,,,recNPuisNb4TegjIV,,,,,,31/3/2022 08:48,,,,0.00042090,0.00042090
774,1401,,EN,,,,,,,,,,,mashuk,,,rec9CSGkLXHNGvE9a,,,,,,31/3/2022 08:48,,,,0.00042090,0.00042090
775,1104,,EN,,,,,,,,,,,petya,,,recoUBiLdd7EkbVvD,,,,,,31/3/2022 08:48,,,,0.00042090,0.00042090
776,1402,,EN,,,,,,,,,,,tigra,,,recBmDcRyrYvsYO5l,,,,,,31/3/2022 08:48,,,,0.00042090,0.00042090
777,1400,,EN,,,,,,,,,,,veterjoy,,,recRrxoN6r2wBF4Yh,,,,,,31/3/2022 08:48,,,,0.00042090,0.00042090
778,1374,,EN,,,,,,,,,,,vshmakov1965,,,recMKVosMo64d7KvQ,,,,,,31/3/2022 08:48,,,,0.00042090,0.00042090
779,1387,,EN,,,,,,,,,,,sunyjuly90,,,recumtrgp8AWqmM2X,,,,,,31/3/2022 08:48,,,,0.00042090,0.00042090
780,573,,EN,,,,,,,,,,,viacheslav,,,recT0ExH7OYbB2Muo,,,,,,31/3/2022 08:48,,,,0.00042090,0.00042090
781,1388,,EN,,,,,,,,,,,shepalevt,,,recr9JMjLp2PkI0UE,,,,,,31/3/2022 08:48,,,,0.00042090,0.00042090
782,1391,,EN,,,,,,,,,,,maxianastais,,,recbOvOs4Gb2qqd19,,,,,,31/3/2022 08:48,,,,0.00042090,0.00042090
783,1376,,EN,,,,,,,,,,,frolfrolov888,,,recxW5YXT1xlDb0XC,,,,,,31/3/2022 08:48,,,,0.00042090,0.00042090
784,1339,,EN,,,,,,,,,,,islamgeh,,,rec1MFqLShtpc0BdI,,,,,,31/3/2022 08:48,,,,0.00040687,0.00040687
785,1220,,EN,,,,,,,,,,,itellin1,,,recoQWeRxVZW7W9Pw,,,,,,31/3/2022 08:48,,,,0.00035075,0.00035075
786,1365,,EN,,,,,,,,,,,deysler,,,rec6bfAXqpDqnjaKY,,,,,,31/3/2022 08:48,,,,0.00035075,0.00035075
787,491,,EN,,,,,,,,,,,gunslair,,,receLUHWZFFYcblUc,,,,,,31/3/2022 08:48,,,,0.00035075,0.00035075
788,1553,,EN,,,,,,,,,,,apcik,,,recdRPzEGBes48Muv,,,,,,31/3/2022 08:48,,,,0.00035075,0.00035075
789,1092,,EN,,,,,,,,,,,joycha90,,,recmNk1FqVlFljd4c,,,,,,31/3/2022 08:48,,,,0.00035075,0.00035075
790,1523,,EN,,,,,,,,,,,zgermion,,,recznfLBaPFSP8HKf,,,,,,31/3/2022 08:48,,,,0.00035075,0.00035075
791,922,,EN,,,,,,,,,,,yoprst,,,rec9hgJsxjUCX9AHT,,,,,,31/3/2022 08:48,,,,0.00035075,0.00035075
792,844,,EN,,,,,,,,,,,gines,,,recGy7Y6G9cjsDsVr,,,,,,31/3/2022 08:48,,,,0.00035075,0.00035075
793,729,,EN,,,,,,,,,,,a3atg,,,recMqrLnajMEmdk8P,,,,,,31/3/2022 08:48,,,,0.00035075,0.00035075
794,609,,EN,,,,,,,,,,,lilula,,,reculOT0vuzKrrKQQ,,,,,,31/3/2022 08:48,,,,0.00035075,0.00035075
795,1637,,EN,,,,,,,,,,,deggett,,,recIZzVtVPXzvDeXK,,,,,,31/3/2022 08:48,,,,0.00035075,0.00035075
796,956,,EN,,,,,,,,,,,renatov,,,recWGp5GlWLb8kCu6,,,,,,31/3/2022 08:48,,,,0.00035075,0.00035075
797,1632,,EN,,,,,,,,,,,al_art,,,rec45TwvVQdCwLx8i,,,,,,31/3/2022 08:48,,,,0.00035075,0.00035075
798,1209,,EN,,,,,,,,,,,lenush,,,recTLAtlPsZ6PcSkC,,,,,,31/3/2022 08:48,,,,0.00035075,0.00035075
799,1539,,EN,,,,,,,,,,,vladb,,,recDqhramyvP6ZxZV,,,,,,31/3/2022 08:48,,,,0.00035075,0.00035075
800,2262,,EN,,,,,,,,,,,dentist,,,recyAownAf8qQ9FR5,,,,,,31/3/2022 08:48,,,,0.00035075,0.00035075
801,2922,,EN,,,,,,,,,,,exodt,,,recYDLvIyQYzmbm1E,,,,,,31/3/2022 08:48,,,,0.00035075,0.00035075
802,2958,,EN,,,,,,,,,,,stanislav,,,recY7xpxvgjd4r8M2,,,,,,31/3/2022 08:48,,,,0.00035075,0.00035075
803,1705,,EN,,,,,,,,,,,joyer,,,recMHGqg90pV0MPYI,,,,,,31/3/2022 08:48,,,,0.00024552,0.00024552
804,2489,,EN,,,,,,,,,,,berkut,,,recpdKdoyJkRLWzrp,,,,,,31/3/2022 08:48,,,,0.00024552,0.00024552
805,2911,,EN,,,,,,,,,,,slava,,,recqFz4aTQKh1DPPC,,,,,,31/3/2022 08:48,,,,0.00024552,0.00024552
806,1561,,EN,,,,,,,,,,,paparonni,,,recGPRSBWNSOtdhev,,,,,,31/3/2022 08:48,,,,0.00021045,0.00021045
807,1601,,EN,,,,,,,,,,,xkometax,,,recbTwYtGuGaHgHII,,,,,,31/3/2022 08:48,,,,0.00021045,0.00021045
808,941,,EN,,,,,,,,,,,robertn,,,reckaBpHHIwtpbvPZ,,,,,,31/3/2022 08:48,,,,0.00017537,0.00017537
809,1536,,EN,,,,,,,,,,,luckyakyla,,,recWz8aHgt57Q8DMm,,,,,,31/3/2022 08:48,,,,0.00017537,0.00017537
810,960,,EN,,,,,,,,,,,mel88,,,rec0LnobPBgyqLD3e,,,,,,31/3/2022 08:48,,,,0.00017537,0.00017537
811,1144,,EN,,,,,,,,,,,legich,,,recrXGLYaFBIrVhD1,,,,,,31/3/2022 08:48,,,,0.00017537,0.00017537
812,1378,,EN,,,,,,,,,,,braslavecdasha,,,recNbWaeNkxHVtjyG,,,,,,31/3/2022 08:48,,,,0.00017537,0.00017537
813,1626,,EN,,,,,,,,,,,makhin,,,recs2e80HCfWaAW8v,,,,,,31/3/2022 08:48,,,,0.00017537,0.00017537
814,1285,,EN,,,,,,,,,,,timurkhan,,,recdYPHxaMDAep3ss,,,,,,31/3/2022 08:48,,,,0.00017537,0.00017537
815,1741,,EN,,,,,,,,,,,ortoped1985,,,recmBLHpZrpMGd0gZ,,,,,,31/3/2022 08:48,,,,0.00017537,0.00017537
816,1598,,EN,,,,,,,,,,,azaticus,,,rec66CXPEw445GHYm,,,,,,31/3/2022 08:48,,,,0.00017537,0.00017537
817,1060,,EN,,,,,,,,,,,mitryou,,,recIgBFNnnEjO0BeI,,,,,,31/3/2022 08:48,,,,0.00017537,0.00017537
818,486,,EN,,,,,,,,,,,pafnutiy83,,,recLNGdfXH4zCy6Bs,,,,,,31/3/2022 08:48,,,,0.00017537,0.00017537
819,1569,,EN,,,,,,,,,,,bald05,,,reclWVR0YhiOEuUW0,,,,,,31/3/2022 08:48,,,,0.00017537,0.00017537
820,2004,,EN,,,,,,,,,,,cryptowin2k21,,,recLK8BLzO5nQ8061,,,,,,31/3/2022 08:48,,,,0.00017537,0.00017537
821,2291,,EN,,,,,,,,,,,cryptex,,,recqOQ6KBVY2PJKVM,,,,,,31/3/2022 08:48,,,,0.00017537,0.00017537
822,2301,,EN,,,,,,,,,,,fsn322,,,recxAbkbKcaLxkCL9,,,,,,31/3/2022 08:48,,,,0.00017537,0.00017537
823,2722,,EN,,,,,,,,,,,rombeo,,,recO487mEMK53sMZ1,,,,,,31/3/2022 08:48,,,,0.00017537,0.00017537
824,2760,,EN,,,,,,,,,,,dmitriy1141,,,recwZqlhs5Vc9pivI,,,,,,31/3/2022 08:48,,,,0.00017537,0.00017537
825,3045,,EN,,,,,,,,,,,oklick,,,rec6mpTPdfxNg6viw,,,,,,31/3/2022 08:48,,,,0.00017537,0.00017537
826,1710,,EN,,,,,,,,,,,blatata,,,recdAMaRq1RDP7wV7,,,,,,31/3/2022 08:48,,,,0.00014030,0.00014030
827,1767,,EN,,,,,,,,,,,skarlath,,,recHUEbQMnaOhDk0G,,,,,,31/3/2022 08:48,,,,0.00014030,0.00014030
828,1694,,EN,,,,,,,,,,,lolosha,,,recbnnf1E2uy30IDG,,,,,,31/3/2022 08:48,,,,0.00007015,0.00007015
829,2778,,EN,,,,,,,,,,,elaine,,,rec2GsbqHwCWhbO4T,,,,,,31/3/2022 08:48,,,,0.00007015,0.00007015
830,628,,EN,,,,,,,,,,,skygolden,,,recu6GfkI6vSD7OLV,,,,,,31/3/2022 08:48,,,,0.00003507,0.00003507
831,596,,EN,,,,,,,,,,,cshaman13,,,recywYQdKDiCyxdlh,,,,,,31/3/2022 08:48,,,,0.00000000,0.00000000
832,641,,EN,,,,,,,,,,,alexplok,,,recnFWKuVOz1e5psr,,,,,,31/3/2022 08:48,,,,0.00000000,0.00000000
833,1245,,EN,,,,,,,,,,,danielulym,,,recayl6V8fLJ5GrNz,,,,,,31/3/2022 08:48,,,,0.00000000,0.00000000
834,1256,,EN,,,,,,,,,,,andrey,,,recGW2Elx8TgMYMlN,,,,,,31/3/2022 08:48,,,,0.00000000,0.00000000
835,1505,,EN,,,,,,,,,,,pdpnode,,,recG8cJu5ul8DYqsL,,,,,,31/3/2022 08:48,,,,0.00000000,0.00000000
836,687,,EN,,,,,,,,,,,l_vladimir,,,recasn455WkIO757w,,,,,,31/3/2022 08:48,,,,0.00000000,0.00000000
837,1112,,EN,,,,,,,,,,,ghostymachine,,,recURVRKbvG95biMz,,,,,,31/3/2022 08:48,,,,0.00000000,0.00000000
838,591,,EN,,,,,,,,,,,paulek,,,recv4AamdcKKDp1OS,,,,,,31/3/2022 08:48,,,,0.00000000,0.00000000
839,1102,,EN,,,,,,,,,,,kenny,,,recYW5TuVlOA8O4ja,,,,,,31/3/2022 08:48,,,,0.00000000,0.00000000
840,1246,,EN,,,,,,,,,,,janee,,,recQ2U7BHZeW0mjLc,,,,,,31/3/2022 08:48,,,,0.00000000,0.00000000
841,1368,,EN,,,,,,,,,,,imam05,,,recqQI4SrsQnHslwq,,,,,,31/3/2022 08:48,,,,0.00000000,0.00000000
842,1141,,EN,,,,,,,,,,,androo,,,recSk1U6aG361LVl3,,,,,,31/3/2022 08:48,,,,0.00000000,0.00000000
843,908,,EN,,,,,,,,,,,nodeman,,,rechkpLpI9DBtB2J8,,,,,,31/3/2022 08:48,,,,0.00000000,0.00000000
844,245,,EN,,,,,,,,,,,gordon_freeman,,,recOOMey2ZAhijCd6,,,,,,31/3/2022 08:48,,,,0.00000000,0.00000000
845,818,,EN,,,,,,,,,,,thunderbolt,,,rectPN3vBfhicxXh3,,,,,,31/3/2022 08:48,,,,0.00000000,0.00000000
846,732,,EN,,,,,,,,,,,rubinstein,,,rec7RFVmDVOFfCapW,,,,,,31/3/2022 08:48,,,,0.00000000,0.00000000
847,1381,,EN,,,,,,,,,,,frollova,,,reck7mHFRPVVDcrlQ,,,,,,31/3/2022 08:48,,,,0.00000000,0.00000000
848,1372,,EN,,,,,,,,,,,alenkafra,,,rec4m5g1vVKyCK9Cm,,,,,,31/3/2022 08:48,,,,0.00000000,0.00000000
849,1394,,EN,,,,,,,,,,,mihcaitaz,,,reco3rwWWqnJjtcvy,,,,,,31/3/2022 08:48,,,,0.00000000,0.00000000
850,1396,,EN,,,,,,,,,,,aloysasha,,,reclkiB3kNkDiQAjS,,,,,,31/3/2022 08:48,,,,0.00000000,0.00000000
851,1397,,EN,,,,,,,,,,,vovcheklop,,,recv9la9VxTt51BBf,,,,,,31/3/2022 08:48,,,,0.00000000,0.00000000
852,1383,,EN,,,,,,,,,,,sedoytur,,,recYv8CvEsKoPbT6w,,,,,,31/3/2022 08:48,,,,0.00000000,0.00000000
853,1375,,EN,,,,,,,,,,,viteklop,,,rechUGoAm1v6Oj5zl,,,,,,31/3/2022 08:48,,,,0.00000000,0.00000000
854,1395,,EN,,,,,,,,,,,poliazbr,,,rec4zjbCndpKCQ7PH,,,,,,31/3/2022 08:48,,,,0.00000000,0.00000000
855,1379,,EN,,,,,,,,,,,tmargo,,,recxvsHDz2TlJZDH1,,,,,,31/3/2022 08:48,,,,0.00000000,0.00000000
856,606,,EN,,,,,,,,,,,porter,,,recqRnr7MoB38EUlW,,,,,,31/3/2022 08:48,,,,0.00000000,0.00000000
857,1240,,EN,,,,,,,,,,,2staked,,,recviPsC3bsPnmE32,,,,,,31/3/2022 08:48,,,,0.00000000,0.00000000
858,1239,,EN,,,,,,,,,,,peace22,,,recRx2HjKoJ0mbdIw,,,,,,31/3/2022 08:48,,,,0.00000000,0.00000000
859,610,,EN,,,,,,,,,,,treyn,,,recTzZKgYsuXmYtmQ,,,,,,31/3/2022 08:48,,,,0.00000000,0.00000000
860,768,,EN,,,,,,,,,,,elenanovikovabrat,,,recwVypKL3kOKrcwZ,,,,,,31/3/2022 08:48,,,,0.00000000,0.00000000
861,769,,EN,,,,,,,,,,,strokovanatashka,,,recXSqQeBT67ylpbc,,,,,,31/3/2022 08:48,,,,0.00000000,0.00000000
862,843,,EN,,,,,,,,,,,helmeenini,,,recI7ac7XgYELOXgj,,,,,,31/3/2022 08:48,,,,0.00000000,0.00000000
863,781,,EN,,,,,,,,,,,phagildaslav,,,recH06IMd0mnjxPe0,,,,,,31/3/2022 08:48,,,,0.00000000,0.00000000
864,614,,EN,,,,,,,,,,,polka,,,recHNg2wyeKa82VAW,,,,,,31/3/2022 08:48,,,,0.00000000,0.00000000
865,787,,EN,,,,,,,,,,,gridelamiro,,,rec4g3qYdJHDP2u3G,,,,,,31/3/2022 08:48,,,,0.00000000,0.00000000
866,795,,EN,,,,,,,,,,,neberteeri,,,recuyfQH757VHmVzs,,,,,,31/3/2022 08:48,,,,0.00000000,0.00000000
867,1176,,EN,,,,,,,,,,,abbrandoaf,,,recynFKgnZo9K46cg,,,,,,31/3/2022 08:48,,,,0.00000000,0.00000000
868,629,,EN,,,,,,,,,,,terry,,,recnXHurWsXJsLULU,,,,,,31/3/2022 08:48,,,,0.00000000,0.00000000
869,1184,,EN,,,,,,,,,,,nodidanda,,,recYiDu0No0drNLqv,,,,,,31/3/2022 08:48,,,,0.00000000,0.00000000
870,1200,,EN,,,,,,,,,,,viingigilda,,,recunqnFHfLwDwYy5,,,,,,31/3/2022 08:48,,,,0.00000000,0.00000000
871,1201,,EN,,,,,,,,,,,edebealdo,,,recwYbvQficlL3uPy,,,,,,31/3/2022 08:48,,,,0.00000000,0.00000000
872,632,,EN,,,,,,,,,,,klever,,,recDrauKWuVR6Ayiv,,,,,,31/3/2022 08:48,,,,0.00000000,0.00000000
873,1743,,EN,,,,,,,,,,,pampidu,,,recab8n1n4LfnsXq3,,,,,,31/3/2022 08:48,,,,0.00000000,0.00000000
874,1202,,EN,,,,,,,,,,,gelreifan,,,recCFrNJc8GHMkOo3,,,,,,31/3/2022 08:48,,,,0.00000000,0.00000000
875,1205,,EN,,,,,,,,,,,phigarivo,,,reccyjQOzcGw2ETHE,,,,,,31/3/2022 08:48,,,,0.00000000,0.00000000
876,1206,,EN,,,,,,,,,,,eteezpeusta,,,recO4sjmbHOUxhLOp,,,,,,31/3/2022 08:48,,,,0.00000000,0.00000000
877,1750,,EN,,,,,,,,,,,vyvyku,,,rec0oDJ3Y6UpNmii9,,,,,,31/3/2022 08:48,,,,0.00000000,0.00000000
878,640,,EN,,,,,,,,,,,coala,,,recWIm72OqsmnVDUw,,,,,,31/3/2022 08:48,,,,0.00000000,0.00000000
879,639,,EN,,,,,,,,,,,viktory,,,recRJbMDmJpprqjjM,,,,,,31/3/2022 08:48,,,,0.00000000,0.00000000
880,636,,EN,,,,,,,,,,,metro,,,recuMyDrnwzY3zttz,,,,,,31/3/2022 08:48,,,,0.00000000,0.00000000
881,1208,,EN,,,,,,,,,,,ushundseka,,,recfCbVFM2spsDBF5,,,,,,31/3/2022 08:48,,,,0.00000000,0.00000000
882,1389,,EN,,,,,,,,,,,palovalexandr,,,recFHW7GhaQlLl1NK,,,,,,31/3/2022 08:48,,,,0.00000000,0.00000000
883,1210,,EN,,,,,,,,,,,guderuius,,,rectDOAbNDbJZEUg9,,,,,,31/3/2022 08:48,,,,0.00000000,0.00000000
884,1211,,EN,,,,,,,,,,,lotohuert,,,rec04FAlObIENQK4T,,,,,,31/3/2022 08:48,,,,0.00000000,0.00000000
885,1213,,EN,,,,,,,,,,,gardemarinn52,,,recrrA2Plr6Dhe3Ge,,,,,,31/3/2022 08:48,,,,0.00000000,0.00000000
886,1215,,EN,,,,,,,,,,,serebrorotyi,,,recuRgkXE6TfHGbTD,,,,,,31/3/2022 08:48,,,,0.00000000,0.00000000
887,1216,,EN,,,,,,,,,,,voditeluralov,,,recdlVqEhYUSPFQBc,,,,,,31/3/2022 08:48,,,,0.00000000,0.00000000
888,1229,,EN,,,,,,,,,,,egiorihundonax,,,recvSqv3AlqRfct0D,,,,,,31/3/2022 08:48,,,,0.00000000,0.00000000
889,1230,,EN,,,,,,,,,,,bonexasoleji,,,rec6vOrbVUd7MBK4k,,,,,,31/3/2022 08:48,,,,0.00000000,0.00000000
890,1231,,EN,,,,,,,,,,,kuarnikigweno,,,recJc1VDvpaD0cuUS,,,,,,31/3/2022 08:48,,,,0.00000000,0.00000000
891,1232,,EN,,,,,,,,,,,alazmotara,,,rec9qPaRB9xq4ztW8,,,,,,31/3/2022 08:48,,,,0.00000000,0.00000000
892,1233,,EN,,,,,,,,,,,rutaroboingo,,,reck7WbUKZVxYNVBs,,,,,,31/3/2022 08:48,,,,0.00000000,0.00000000
893,1234,,EN,,,,,,,,,,,norithouzmunde,,,recS4SAiQcJOV6x5L,,,,,,31/3/2022 08:48,,,,0.00000000,0.00000000
894,1423,,EN,,,,,,,,,,,im_polka2,,,recX4zxA3CQs83kTS,,,,,,31/3/2022 08:48,,,,0.00000000,0.00000000
895,1425,,EN,,,,,,,,,,,im_polka3,,,recuS6unyWdQlMWcl,,,,,,31/3/2022 08:48,,,,0.00000000,0.00000000
896,617,,EN,,,,,,,,,,,zip1798,,,recaOASUJz8TZ1mWr,,,,,,31/3/2022 08:48,,,,0.00000000,0.00000000
897,1659,,EN,,,,,,,,,,,tatzhele,,,rec8f2NKlDxh1qA6r,,,,,,31/3/2022 08:48,,,,0.00000000,0.00000000
898,824,,EN,,,,,,,,,,,svekla,,,recgpxO3ieDXSk3Wf,,,,,,31/3/2022 08:48,,,,0.00000000,0.00000000
899,1760,,EN,,,,,,,,,,,feliks_fx,,,recIt4KnlXdoEOPUy,,,,,,31/3/2022 08:48,,,,0.00000000,0.00000000
900,1660,,EN,,,,,,,,,,,anitazhele,,,recGh8ptfCBgUqjAU,,,,,,31/3/2022 08:48,,,,0.00000000,0.00000000
901,822,,EN,,,,,,,,,,,moonlight,,,recVcXUS3qwLSIpxA,,,,,,31/3/2022 08:48,,,,0.00000000,0.00000000
902,1663,,EN,,,,,,,,,,,anlamtol,,,recC3pPQU9e6aGhxp,,,,,,31/3/2022 08:48,,,,0.00000000,0.00000000
903,820,,EN,,,,,,,,,,,dolphin,,,rec5dagGAJvbYxcr8,,,,,,31/3/2022 08:48,,,,0.00000000,0.00000000
904,1664,,EN,,,,,,,,,,,olamovizina,,,reckOUzfR89xT75UD,,,,,,31/3/2022 08:48,,,,0.00000000,0.00000000
905,823,,EN,,,,,,,,,,,danila,,,recPyyHu5Zx2DuWGU,,,,,,31/3/2022 08:48,,,,0.00000000,0.00000000
906,1665,,EN,,,,,,,,,,,tatanazerno,,,recGaj331rRwoAJDc,,,,,,31/3/2022 08:48,,,,0.00000000,0.00000000
907,1666,,EN,,,,,,,,,,,roulinimo,,,recu3WWsXlTe5Xu5Q,,,,,,31/3/2022 08:48,,,,0.00000000,0.00000000
908,821,,EN,,,,,,,,,,,bear2020,,,rec5h2jtkXMDOPXeu,,,,,,31/3/2022 08:48,,,,0.00000000,0.00000000
909,860,,EN,,,,,,,,,,,mrpl2021,,,reclbLnq0QqWQ45CS,,,,,,31/3/2022 08:48,,,,0.00000000,0.00000000
910,1545,,EN,,,,,,,,,,,napas,,,recoWIZGqWgBxozkI,,,,,,31/3/2022 08:48,,,,0.00000000,0.00000000
911,859,,EN,,,,,,,,,,,slavsole,,,recLGiqYmmGjYnOoM,,,,,,31/3/2022 08:48,,,,0.00000000,0.00000000
912,858,,EN,,,,,,,,,,,straimrpl,,,recYvR4aCKznaxPKb,,,,,,31/3/2022 08:48,,,,0.00000000,0.00000000
913,1693,,EN,,,,,,,,,,,im_polka4,,,recBTNmiv38PbmR35,,,,,,31/3/2022 08:48,,,,0.00000000,0.00000000
914,857,,EN,,,,,,,,,,,alltravel,,,recTCdICgn5GUG8nP,,,,,,31/3/2022 08:48,,,,0.00000000,0.00000000
915,1768,,EN,,,,,,,,,,,kufanna,,,recFE8iqHGKyTc0vY,,,,,,31/3/2022 08:48,,,,0.00000000,0.00000000
916,1789,,EN,,,,,,,,,,,nikolai_ni_dvorai,,,rechv9ESSqIt8il6u,,,,,,31/3/2022 08:48,,,,0.00000000,0.00000000
917,1895,,EN,,,,,,,,,,,axylion,,,recMquVEtw1JyTs9e,,,,,,31/3/2022 08:48,,,,0.00000000,0.00000000
918,997,,EN,,,,,,,,,,,vonomis,,,recexEVRaRF7eFUzn,,,,,,31/3/2022 08:48,,,,0.00000000,0.00000000
919,1909,,EN,,,,,,,,,,,satoshicheung,,,recbwbHqzSQC3xYpB,,,,,,31/3/2022 08:48,,,,0.00000000,0.00000000
920,1910,,EN,,,,,,,,,,,blackpaopao,,,recAi9DYhLLXF2yfP,,,,,,31/3/2022 08:48,,,,0.00000000,0.00000000
921,1911,,EN,,,,,,,,,,,hellobit,,,recxa4mkiW09j5sFh,,,,,,31/3/2022 08:48,,,,0.00000000,0.00000000
922,1815,,EN,,,,,,,,,,,stasgab,,,reciO5qQmDkn8IJAV,,,,,,31/3/2022 08:48,,,,0.00000000,0.00000000
923,1623,,EN,,,,,,,,,,,black_man,,,rec7tUnndGd0YeILO,,,,,,31/3/2022 08:48,,,,0.00000000,0.00000000
924,1922,,EN,,,,,,,,,,,dontfoldbb,,,recXKy3gDA4gHYm12,,,,,,31/3/2022 08:48,,,,0.00000000,0.00000000
925,862,,EN,,,,,,,,,,,ozgurdener,,,rec7DlV9vQQk9NQcm,,,,,,31/3/2022 08:48,,,,0.00000000,0.00000000
947,711,,EN,,,,,,,,,,,oxon75,,,recsLNEJxyauR4cTd,,,,,,31/3/2022 08:48,,,,0.00000000,0.00000000
948,1937,,EN,,,,,,,,,,,hahuhadevrim,,,rec4UOM01DTE6mJg8,,,,,,31/3/2022 08:48,,,,0.00000000,0.00000000
949,1944,,EN,,,,,,,,,,,ddenk,,,rec9LmYIazYzAfRbz,,,,,,31/3/2022 08:48,,,,0.00000000,0.00000000
950,1946,,EN,,,,,,,,,,,joystreamselo,,,rec2lZRnzeySAaZLQ,,,,,,31/3/2022 08:48,,,,0.00000000,0.00000000
951,1940,,EN,,,,,,,,,,,taf_ins,,,recovmr0c00jWgHS3,,,,,,31/3/2022 08:48,,,,0.00000000,0.00000000
952,1958,,EN,,,,,,,,,,,jamalpay,,,recCJyA4ijabHRFyV,,,,,,31/3/2022 08:48,,,,0.00000000,0.00000000
955,7,,EN,,,,,,,,,,,benholdencrowther,,blrhc#0162,recmcGNU3LdcJeJtq,,,,,,31/3/2022 23:30,,,,,0.00000000
958,3576,,EN,DontRecall,,null,2022-03-30 23:30,,,,,,,ponyliu511,,小马#2980,recGoMnjyqQLB0FYg,,,,,,,,,,,0.00000000
962,1305,,EN,,,,,,,,,,,joystreamstats,,,recmGWODEZdh8achX,,,,,,7/4/2022 13:33,,,,,0.00000000
963,3098,,EN,,,,,,,,,,,yyagi,,,rec8sRAk6LvMGdlPl,,,,,,7/4/2022 13:33,,,,,0.00000000
964,3538,,EN,,,,,,,,,,,arsi44,,,rec7uD9ojQLnhYxL2,,,,,,7/4/2022 13:33,,,,,0.00000000
965,3450,,EN,,,,,,,,,,,@uzi#2656,,,rec0uv8sCVFceUgJb,,,,,,7/4/2022 13:33,,,,,0.00000000
966,3233,,EN,,,,,,,,,,,eclipsingbinary,,Eclipsingbinary#7338,rec1w1TdKKkvcOb5b,,,,,,7/4/2022 13:33,,,,,0.00000000
967,1,,,,,,,,,,,,,bwhm0,,,recRS1zULue0geF6e,,,,,,,,,,,0.00000000
971,3447,,EN,Discord,,null,2022-03-24 05:26,,,,,,,IANCHRIST,,IANCHRIST#3267,recHE9rbYkF6787gK,,,,,,,,,,,0.00000000
972,3446,,EN,Discord,,null,2022-03-24 06:33,,,,,,,nuhanaya,,nuhanaya#7919,recsg15rLecv6LgJr,,,,,,,,,,,0.00000000
973,3449,,EN,Discord,,null,2022-03-24 10:39,,,,,,,RPL,,RPL#6333,reckEuOQhiuuZV3m0,,,,,,,,,,,0.00000000
974,3457,,EN,Discord,,null,2022-03-24 13:00,,,,,,,EthnicElement,,EthnicElement#0061,recHsrWojDskGjzoG,,,,,,,,,,,0.00000000
975,3453,,EN,Discord,,null,2022-03-24 13:52,,,,,,,CryptoSML,,CryptoSML#0494,recga8y2PHArXEaR7,,,,,,,,,,,0.00000000
976,3458,,EN,Twitter,,null,2022-03-24 17:10,,,,,,,S.Jerry,,S.Jerry#0697,recwm24lUBtJS0rbz,,,,,,,,,,,0.00000000
977,3461,,EN,Twitter,,null,2022-03-24 17:18,,,,,,,Flamehost,,flamehost#0960,recl25kYTErebosUr,,,,,,,,,,,0.00000000
978,3465,,EN,Twitter,,null,2022-03-25 06:22,,,,,,,link,,link#1009,recmOqnPym3yzu7k7,,,,,,,,,,,0.00000000
979,2904,,EN,Twitter,,null,2022-03-25 12:34,,,,,,,nagorniy95,,nagorniy95#9620,recgl81Q5pe5gWUI7,,,,,,,,,,,0.00000000
980,3522,,EN,Twitter,,null,2022-03-25 12:39,,,,,,,cgie96,,cgie96#2701,recMsuwsTApMcvZKw,,,,,,,,,,,0.00000000
981,3475,,EN,Twitter,,null,2022-03-25 13:01,,,,,,,Unbullied#8177,,Unbullied#8177,recXh8tKE8US31HZN,,,,,,,,,,,0.00000000
982,3476,,EN,Twitter,,null,2022-04-12 14:13,,,,,,,Olaoluwath,,olaoluwath#7424,recxonnTCSRxMYrDm,,,,,,,,,,,0.00000000
983,3477,,EN,Twitter,,null,2022-03-25 15:23,,,,,,,Walex,,walex#0014,recvTUoVkVBX2Lk3Y,,,,,,,,,,,0.00000000
984,3479,,EN,Twitter,,null,2022-03-25 16:10,,,,,,,Katefaith,,Katefaith#3546,recULmw8mpwypkfHk,,,,,,,,,,,0.00000000
985,2340,,EN,Twitter,,null,2022-03-25 22:40,,,,,,,miltonodessa,,miltonodessa | KurateDAO#8537,recvFb4Ai1YxzOgMV,,,,,,,,,,,0.00000000
986,3519,,EN,Twitter,,null,2022-03-26 01:58,,,,,,,fromstar1999,,fromstar1999#5166,recF4PubKLSgQ1DZL,,,,,,,,,,,0.00000000
987,3573,,EN,Twitter,,null,2022-03-26 06:39,,,,,,,luckydao,,luckydao#2829,recNpIZH36MeI17MB,,,,,,,,,,,0.00000000
988,3495,,EN,Twitter,,null,2022-03-26 08:00,,,,,,,pokl88,,pokl88#6666,recIvyjDqkZCIm7fY,,,,,,,,,,,0.00000000
989,3499,,EN,Twitter,,null,2022-03-26 09:24,,,,,,,zk#6222,,zk#6222,rechI6x7ry33Qubmy,,,,,,,,,,,0.00000000
990,3501,,EN,Twitter,,null,2022-03-26 11:06,,,,,,,Ravenor,,Ravenor | ANERO#1791,reccQdzM3V3qoyrbW,,,,,,,,,,,0.00000000
991,3506,,EN,Twitter,,null,2022-03-26 16:06,,,,,,,@organmo,,organmo#3358,recR9SJxGVDZczzfc,,,,,,,,,,,0.00000000
992,3565,,EN,Twitter,,null,2022-03-27 09:16,,,,,,,Takumi,,Takumi#4516,recIPFvTcOdlhWn7Y,,,,,,,,,,,0.00000000
993,2848,,EN,Twitter,,null,2022-03-28 21:50,,,,,,,atletos,,Artic#1171,recS9Kxf6c591OAfk,,,,,,,,,,,0.00000000
994,3534,,EN,Twitter,,null,2022-03-29 06:49,,,,,,,imnotstewie,,ishitmypants#3577,recKrGyHkjHdrwDG0,,,,,,,,,,,0.00000000
995,3536,,EN,Twitter,,null,2022-03-29 09:30,,,,,,,alp_25,,Alp#8077,recYXUBJu1Dn0LVeq,,,,,,,,,,,0.00000000
996,3547,,EN,Twitter,,null,2022-03-29 19:34,,,,,,,imnickfriend,,imnickfriend#4871,recXQE0fuawpOLMQo,,,,,,,,,,,0.00000000
997,3546,,EN,Twitter,,null,2022-03-29 19:42,,,,,,,armanetmax,,Maxence#6446,recCR6Ln6hDZZPv9c,,,,,,,,,,,0.00000000
998,3550,,EN,Twitter,,null,2022-03-29 20:07,,,,,,,alementary,,alementary#4697,recxC4fISrKJHiyYk,,,,,,,,,,,0.00000000
999,3553,,EN,Twitter,,null,2022-03-29 21:42,,,,,,,jonnles,,jonnles#1472,recpzWe9IRgaas8bb,,,,,,,,,,,0.00000000
1000,3587,,EN,Twitter,,null,2022-03-30 01:13,,,,,,,omonna,,omonna#8177,recHBN14DZDg65grX,,,,,,,,,,,0.00000000
1001,3569,,EN,Twitter,,null,2022-03-30 15:33,,,,,,,wdwrm,,WDWRM#1743,recVT2n7SgGLCFjMn,,,,,,,,,,,0.00000000
1002,3574,,EN,Twitter,,null,2022-03-30 16:51,,,,,,,Sapan,,Sapan#4198,recBxjxSDYwf7HeTu,,,,,,,,,,,0.00000000
1003,3577,,EN,Twitter,,null,2022-03-30 22:27,,,,,,,damirdoma,,damirdoma#4706,rec0l5eK66zXZkjr5,,,,,,,,,,,0.00000000
1004,3579,,EN,Twitter,,null,2022-03-31 00:40,,,,,,,GrueGrey,,GrueGrey#3660,recOsKy8r4gU2nWtN,,,,,,,,,,,0.00000000
1007,3600,,EN,Twitter,,null,2022-03-31 08:57,,,,,,,Gol D. Roger,,Gol D. Roger#6266,rect7Rh74ueZSTbek,,,,,,,,,,,0.00000000
1008,3614,,EN,Twitter,,null,2022-04-07 17:55,,,,,,,Truman,,Truman#4373,recVIfaluXDZS6lJL,,,,,,,,,,,0.00000000
1009,3346,,EN,Twitter,,null,2022-03-23 10:30,,,,,,,bluelight,,Bluelight184527#9626,recSRDQdRPuwR1Fg1,,,,,,,,,,,0.00000000
1012,542,,EN,,,,,,,,,,,jsmoon,,,recIGBhDlyA5U2Iqo,,,,,,,,,,,0.00000000
1021,2374,,EN,,,,,,,,,,,halk99,,,rece2Ns3MK63TFWrl,,,,,,,,,,,0.00000000
1022,2754,,EN,,,,,,,,,,, thanh_tan,,,recsjxO5G50wbhPjB,,,,,,,,,,,0.00000000
1023,2846,,EN,,,,,,,,,,, joystreamvn,,,recY9ATIHF59rf98S,,,,,,,,,,,0.00000000
1024,3085,,EN,,,,,,,,,,,mmx1916,,,recVo7oa8ctboLO03,,,,,,,,,,,0.00000000
1025,3184,,EN,,,,,,,,,,, honest_consul,,,recmwS7f1qtZCrLYJ,,,,,,,,,,,0.00000000
1026,3185,,EN,,,,,,,,,,, fair_consul,,,rec2NQFJWlfje6Cx8,,,,,,,,,,,0.00000000
1027,3187,,EN,,,,,,,,,,, pleasant_consul,,,recI2WAfJw02a2q3i,,,,,,,,,,,0.00000000
1028,3232,,EN,,,,,,,,,,, qzhgood,,,rec8cjCIy3PaOYVQC,,,,,,,,,,,0.00000000
1029,3348,,EN,,,,,,,,,,, nodex,,,rec6d97YOEKYq0oPD,,,,,,,,,,,0.00000000
1031,3478,,EN,,,,,,,,,,,MannyK,,,recMMQ00iOmn7swUE,,,,,,,,,,,0.00000000
1033,3505,,EN,,,,,,,,,,,huyu,,,rec26fo8U5cMuTLe1,,,,,,,,,,,0.00000000
1034,3610,,EN,,,,,,,,,,,ppx2022,,,rec0IQ3QeMIlLWJb8,,,,,,,,,,,0.00000000
1035,3443,,EN,,,,,,,,,,,secret_girl,,,recOsM12oxXX2ZWKK,,,,,,,,,,,0.00000000
1036,3439,,EN,,,,,,,,,,,membership_faucet,,,recE09FKhI4IwFN4k,,,,,,,,,,,0.00000000
1037,3608,,EN,,,,,,,,,,,builders_treasury,,,rec1SPx58jZDFOFkj,,,,,,,,,,,0.00000000
1038,3622,,EN,,,,,,,,,,,Hulk33,,,rec4jxGNBnq5fHu8J,,,,,,,,,,,0.00000000
1039,3452,,EN,,,,,,,,,,,valeriadom,,,recxr14E0x6KaQywh,,,,,,,,,,,0.00000000
1040,3383,,EN,,,,,,,,,,,v78ban,,,recqD8LQpRIO8wzlO,,,,,,,,,,,0.00000000
1041,3395,,EN,,,,,,,,,,,v78ban2,,,recUoUe36uJapB463,,,,,,,,,,,0.00000000
1042,3629,,EN,,,,,,,,,,,davjoy,,,reckKzN4yYPLJISUz,,,,,,,,,,,0.00000000
1043,539,,EN,,,,,,,,,,,brazil,,,recyV21my1aMmAsnH,,,,,,,,,,,0.00000000
1044,3484,,EN,,,,,,,,,,,poly,,,recUBEvCY8sWWiuQ3,,,,,,,,,,,0.00000000
1045,3511,,EN,,,,,,,,,,,kate_test,,,recNjvT3iq6edSaSz,,,,,,,,,,,0.00000000