﻿IntegratorInteractionId,IntergratorId,PersonId,PersonIdNumber,InteractionDate,Note,Status,LatestForPerson,IntegratorPersonId,IntegratorPersonIdNumber,Person,IntegratorDiscordHandle,DiscordHandle (from PersonId)
26,3,971,971,2022-04-24 08:28,He failed to create a membership and disappeared.,LostInterest,checked,142,142,,adovrn#1094,IANCHRIST#3267
27,3,973,973,2022-03-24 11:59,Validator. He has an interest in helping the community,GetBackToMe,checked,142,142,,adovrn#1094,RPL#6333
28,3,974,974,2022-03-24 16:52,Validator. Was interested in distributor node,GetBackToMe,checked,142,142,,adovrn#1094,EthnicElement#0061
29,3,975,975,2022-03-25 11:25,jen4 helped with membership creation,GetBackToMe,checked,142,142,,adovrn#1094,CryptoSML#0494
30,3,986,986,2022-03-26 10:06,Test tokens have been sent. The user sometimes appears in Chinese chat,GetBackToMe,checked,142,142,,adovrn#1094,fromstar1999#5166
31,3,988,988,2022-03-26 09:07,The user was interested in the bounty,LostInterest,checked,142,142,,adovrn#1094,pokl88#6666
32,3,989,989,2022-03-26 12:21,I helped with the platform,GetBackToMe,checked,142,142,,adovrn#1094,zk#6222
33,3,992,992,2022-03-28 13:18,tomato asked a leading question. The user is interested in the curation or marketing working group,GetBackToMe,checked,142,142,,adovrn#1094,Takumi#4516
34,3,992,992,2022-03-29 08:05,jen4 helped with membership creation,GetBackToMe,checked,142,142,,adovrn#1094,Takumi#4516
35,3,994,994,2022-03-29 08:05,jen4 helped with membership creation,GetBackToMe,checked,142,142,,adovrn#1094,ishitmypants#3577
36,3,996,996,2022-03-29 20:36,jen4 helped with membership creation,GetBackToMe,checked,142,142,,adovrn#1094,imnickfriend#4871
37,3,997,997,2022-03-29 20:47,Everyone helped figure out the platform together :),GetBackToMe,checked,142,142,,adovrn#1094,Maxence#6446
38,3,1001,1001,2022-03-30 16:56,jen4 helped to understand the platform,GetBackToMe,checked,142,142,,adovrn#1094,WDWRM#1743
39,3,958,958,2022-03-30 21:33,jen4 helped to understand the platform,GetBackToMe,checked,142,142,,adovrn#1094,小马#2980
40,3,1038,1038,2022-04-12 20:16,He was invited to join the HR group,GetBackToMe,checked,142,142,,adovrn#1094,
41,3,1056,1056,2022-04-10 21:07,Membership Creation Assistance,GetBackToMe,checked,142,142,,adovrn#1094,solowhizkid#6322
42,3,1058,1058,2022-04-29 13:20,tomato helped in the creation of the membership,GetBackToMe,checked,142,142,,adovrn#1094,craci | bwarelabs.com#0141
43,3,1060,1060,2022-04-23 17:51,I helped create the membership,GetBackToMe,checked,142,142,,adovrn#1094,plutoniumApples#1590
44,3,1061,1061,2022-04-28 11:10,Help with selecting a workgroup,GetBackToMe,checked,142,142,,adovrn#1094,Miha ₽lja$ | Cabinet42#4480
45,3,1047,1047,2022-04-29 17:09,Eclipsingbinary helped with group selection,GetBackToMe,checked,142,142,,adovrn#1094,
46,3,1050,1050,2022-05-03 19:22,Eclipsingbinary helped with membership creation and group selection,GetBackToMe,checked,142,142,,adovrn#1094,CODeeRRANT#2593
47,3,1065,1065,2022-05-05 11:24,A bounty was created for membership,GetBackToMe,checked,142,142,,adovrn#1094,_e9orov_#8358
48,3,1066,1066,2022-05-05 15:31,A bounty was created for the user,GetBackToMe,checked,142,142,,adovrn#1094,Ahmadrobert#7367
51,8,1071,1071,2022-05-09 12:59,"Created membership, followed by sending of facucet tokens
Interested in HR. Referred to HR Lead",Newbie,checked,966,966,,Eclipsingbinary#7338,Umar_Chike#5265