﻿TestnetCouncilId,CouncilId,StartedAtDate,FinishedAtDate,Network,GlobaltJOYBudget,GlobalJOYBudgetPercentage,USDSubsidy,ReferralJOYBonusPercentage,SizeOfCouncil,UnverifiedJOYAccumulationPercentage,Policy,NetworkScore,StorageScore,ContentDeliveryScore,ContentDirectoryScore,BuildersScore,HRScore,MarketingScore,ForumScore,ScoringResult,CouncilPlan,StorageWGPeriodPlan,ContentDeliveryWGPeriodPlan,ContentDirectoryWGPeriodPlan,BuildersWGPeriodPlan,HRWGPeriodPlan,MarketingWGPeriodPlan,CouncilSummaryReport,StorageWGSummaryReport,ContentDeliveryWGSummaryReport,ContentDirectoryWGSummaryReport,BuildersWGSummaryReport,HRWGPeriodSummaryReport,MarketingWGSummaryReport,CouncilTermRecordId
1,1,2022-03-26 14:04,2022-04-02 17:30,Olympia,48000000,0.06,2000.00,0.00166667,5,0.01666667,"Policy (metrics, rules)
The Jsgenesis Policy for this Council Period has not yet been published, or has not yet been added to the CRM.",0.396,0.31250,0.487,0.100,0.100,1.000,0.100,0.073,Results for this round: xxxxxx,No plan was published,No plan was published,No plan was published,No plan was published,No plan was published,No plan was published,No plan was published,Awaiting Report...,Awaiting Report...,Awaiting Report...,Awaiting Report...,Awaiting Report...,Awaiting Report...,Awaiting Report...,rec4IN26tEjVTJ9d6
2,2,2022-04-02 17:30,2022-04-09 19:36,Olympia,80000000,0.10,2000.00,0.00166667,5,0.01666667,"Policy (metrics, rules)
The Jsgenesis Policy for this Council Period has not yet been published, or has not yet been added to the CRM.",0.586,0.37000,0.860,0.030,0.827,0.490,0.395,0.800,Results for this round: xxxxxx,No plan was published,No plan was published,No plan was published,No plan was published,No plan was published,No plan was published,No plan was published,Awaiting Report...,Awaiting Report...,Awaiting Report...,Awaiting Report...,Awaiting Report...,Awaiting Report...,Awaiting Report...,recIF0pAAR5OMu9Ip
3,3,2022-04-09 19:36,2022-04-16 19:57,Olympia,90000000,0.15,2000.00,0.00166667,5,0.01666667,"Policy (metrics, rules)
The Jsgenesis Policy for this Council Period has not yet been published, or has not yet been added to the CRM.",0.565,0.48125,0.840,0.175,0.692,0.494,0.000,0.700,Results for this round: xxxxxx,No plan was published,No plan was published,No plan was published,No plan was published,No plan was published,No plan was published,No plan was published,Awaiting Report...,Awaiting Report...,Awaiting Report...,Awaiting Report...,Awaiting Report...,Awaiting Report...,Awaiting Report...,rec1Yfs070cL6ryV4
4,4,2022-04-16 19:57,2022-04-23 21:48,Olympia,90000000,0.20,2000.00,0.00166667,5,0.01666667,"Policy (metrics, rules)
The Jsgenesis Policy for this Council Period has not yet been published, or has not yet been added to the CRM.",0.573,0.57500,0.749,0.200,0.433,0.529,0.000,0.925,Results for this round: xxxxxx,No plan was published,No plan was published,No plan was published,No plan was published,No plan was published,No plan was published,No plan was published,Awaiting Report...,Awaiting Report...,Awaiting Report...,Awaiting Report...,Awaiting Report...,Awaiting Report...,Awaiting Report...,reczH4OCCZPh1qP6Q
5,5,2022-04-23 21:48,2022-04-30 16:27,Olympia,80000000,0.23,2000.00,0.00166667,5,0.01666667,"Policy (metrics, rules)
The Jsgenesis Policy for this Council Period has not yet been published, or has not yet been added to the CRM.",0.447,,,,,,,,,,,,,,,,,,,,,,,recGzwhXj7giREJnB
6,,,,,,,,,,,,,,,,,,,,,,,,,,,,,,,,,,,recpadEvxg2Jwhq1S